bytes,filename
3409,TRAIN_00008.eml
5247,TRAIN_00000.eml
2419,TRAIN_00007.eml
9235,TRAIN_00002.eml
3831,TRAIN_00003.eml
1478,TRAIN_00004.eml
2035,TRAIN_00001.eml
7354,TRAIN_00009.eml
3336,TRAIN_00006.eml
2304,TRAIN_00005.eml
5877,TRAIN_00010.eml
12093,TRAIN_00011.eml
2814,TRAIN_00012.eml
39515,TRAIN_00013.eml
5709,TRAIN_00014.eml
21388,TRAIN_00015.eml
3099,TRAIN_00016.eml
2500,TRAIN_00017.eml
7153,TRAIN_00018.eml
5232,TRAIN_00019.eml
5789,TRAIN_00020.eml
9029,TRAIN_00021.eml
2355,TRAIN_00022.eml
8923,TRAIN_00023.eml
7197,TRAIN_00024.eml
1271,TRAIN_00025.eml
25491,TRAIN_00026.eml
11140,TRAIN_00027.eml
2918,TRAIN_00028.eml
6292,TRAIN_00029.eml
6277,TRAIN_00030.eml
2575,TRAIN_00031.eml
10188,TRAIN_00032.eml
9415,TRAIN_00033.eml
5660,TRAIN_00034.eml
6111,TRAIN_00035.eml
1433,TRAIN_00036.eml
1189,TRAIN_00037.eml
9962,TRAIN_00038.eml
6664,TRAIN_00039.eml
11259,TRAIN_00040.eml
3217,TRAIN_00041.eml
4038,TRAIN_00042.eml
4973,TRAIN_00043.eml
17056,TRAIN_00044.eml
15786,TRAIN_00045.eml
2094,TRAIN_00046.eml
4585,TRAIN_00047.eml
2657,TRAIN_00048.eml
5706,TRAIN_00049.eml
6122,TRAIN_00050.eml
3909,TRAIN_00051.eml
5068,TRAIN_00052.eml
3311,TRAIN_00053.eml
4093,TRAIN_00054.eml
3371,TRAIN_00055.eml
1160,TRAIN_00056.eml
4911,TRAIN_00057.eml
5809,TRAIN_00058.eml
8880,TRAIN_00059.eml
4746,TRAIN_00060.eml
5947,TRAIN_00061.eml
7072,TRAIN_00062.eml
2736,TRAIN_00063.eml
2446,TRAIN_00064.eml
2591,TRAIN_00065.eml
4121,TRAIN_00066.eml
2518,TRAIN_00067.eml
4264,TRAIN_00068.eml
1233,TRAIN_00069.eml
3158,TRAIN_00070.eml
6418,TRAIN_00071.eml
9497,TRAIN_00072.eml
9011,TRAIN_00073.eml
6970,TRAIN_00074.eml
5615,TRAIN_00075.eml
2014,TRAIN_00076.eml
2321,TRAIN_00077.eml
4220,TRAIN_00078.eml
5164,TRAIN_00079.eml
3926,TRAIN_00080.eml
2897,TRAIN_00081.eml
5032,TRAIN_00082.eml
4263,TRAIN_00083.eml
3281,TRAIN_00084.eml
3775,TRAIN_00085.eml
2595,TRAIN_00086.eml
4325,TRAIN_00087.eml
1394,TRAIN_00088.eml
5011,TRAIN_00089.eml
984,TRAIN_00090.eml
3772,TRAIN_00091.eml
5272,TRAIN_00092.eml
24773,TRAIN_00093.eml
7203,TRAIN_00094.eml
5682,TRAIN_00095.eml
3113,TRAIN_00096.eml
2401,TRAIN_00097.eml
11395,TRAIN_00098.eml
2746,TRAIN_00099.eml
6397,TRAIN_00100.eml
5520,TRAIN_00101.eml
5034,TRAIN_00102.eml
2862,TRAIN_00103.eml
8462,TRAIN_00104.eml
6125,TRAIN_00105.eml
4141,TRAIN_00106.eml
6117,TRAIN_00107.eml
5465,TRAIN_00108.eml
32837,TRAIN_00109.eml
22043,TRAIN_00110.eml
6414,TRAIN_00111.eml
4214,TRAIN_00112.eml
5536,TRAIN_00113.eml
6278,TRAIN_00114.eml
3621,TRAIN_00115.eml
10740,TRAIN_00116.eml
1375,TRAIN_00117.eml
3393,TRAIN_00118.eml
4330,TRAIN_00119.eml
2147,TRAIN_00120.eml
1839,TRAIN_00121.eml
43734,TRAIN_00122.eml
3159,TRAIN_00123.eml
4776,TRAIN_00124.eml
2858,TRAIN_00125.eml
6644,TRAIN_00126.eml
7650,TRAIN_00127.eml
7082,TRAIN_00128.eml
5868,TRAIN_00129.eml
4963,TRAIN_00130.eml
2974,TRAIN_00131.eml
4397,TRAIN_00132.eml
3570,TRAIN_00133.eml
3777,TRAIN_00134.eml
3197,TRAIN_00135.eml
7441,TRAIN_00136.eml
8481,TRAIN_00137.eml
6089,TRAIN_00138.eml
3882,TRAIN_00139.eml
15120,TRAIN_00140.eml
5947,TRAIN_00141.eml
11018,TRAIN_00142.eml
5380,TRAIN_00143.eml
6761,TRAIN_00144.eml
6717,TRAIN_00145.eml
2009,TRAIN_00146.eml
8890,TRAIN_00147.eml
2394,TRAIN_00148.eml
6423,TRAIN_00149.eml
5235,TRAIN_00150.eml
1978,TRAIN_00151.eml
5221,TRAIN_00152.eml
7124,TRAIN_00153.eml
5130,TRAIN_00154.eml
2186,TRAIN_00155.eml
6178,TRAIN_00156.eml
5384,TRAIN_00157.eml
1091,TRAIN_00158.eml
6209,TRAIN_00159.eml
2790,TRAIN_00160.eml
2576,TRAIN_00161.eml
4895,TRAIN_00162.eml
6224,TRAIN_00163.eml
6785,TRAIN_00164.eml
7782,TRAIN_00165.eml
15962,TRAIN_00166.eml
5518,TRAIN_00167.eml
3552,TRAIN_00168.eml
4905,TRAIN_00169.eml
9364,TRAIN_00170.eml
3734,TRAIN_00171.eml
5548,TRAIN_00172.eml
5121,TRAIN_00173.eml
3347,TRAIN_00174.eml
3737,TRAIN_00175.eml
2289,TRAIN_00176.eml
3202,TRAIN_00177.eml
3167,TRAIN_00178.eml
3652,TRAIN_00179.eml
3392,TRAIN_00180.eml
4242,TRAIN_00181.eml
5885,TRAIN_00182.eml
4122,TRAIN_00183.eml
3272,TRAIN_00184.eml
6437,TRAIN_00185.eml
5137,TRAIN_00186.eml
2166,TRAIN_00187.eml
4583,TRAIN_00188.eml
2729,TRAIN_00189.eml
5487,TRAIN_00190.eml
2678,TRAIN_00191.eml
5951,TRAIN_00192.eml
6854,TRAIN_00193.eml
8252,TRAIN_00194.eml
5237,TRAIN_00195.eml
6705,TRAIN_00196.eml
5876,TRAIN_00197.eml
868,TRAIN_00198.eml
2930,TRAIN_00199.eml
9778,TRAIN_00200.eml
6066,TRAIN_00201.eml
2073,TRAIN_00202.eml
4739,TRAIN_00203.eml
6567,TRAIN_00204.eml
2986,TRAIN_00205.eml
4145,TRAIN_00206.eml
3902,TRAIN_00207.eml
16928,TRAIN_00208.eml
3802,TRAIN_00209.eml
4985,TRAIN_00210.eml
30157,TRAIN_00211.eml
1121,TRAIN_00212.eml
2017,TRAIN_00213.eml
4840,TRAIN_00214.eml
6516,TRAIN_00215.eml
2908,TRAIN_00216.eml
2405,TRAIN_00217.eml
4069,TRAIN_00218.eml
7010,TRAIN_00219.eml
5636,TRAIN_00220.eml
8434,TRAIN_00221.eml
11312,TRAIN_00222.eml
4983,TRAIN_00223.eml
7644,TRAIN_00224.eml
5432,TRAIN_00225.eml
10520,TRAIN_00226.eml
2915,TRAIN_00227.eml
1300,TRAIN_00228.eml
7698,TRAIN_00229.eml
8102,TRAIN_00230.eml
3419,TRAIN_00231.eml
7897,TRAIN_00232.eml
3396,TRAIN_00233.eml
2942,TRAIN_00234.eml
2882,TRAIN_00235.eml
5735,TRAIN_00236.eml
3227,TRAIN_00237.eml
6318,TRAIN_00238.eml
6451,TRAIN_00239.eml
2993,TRAIN_00240.eml
4720,TRAIN_00241.eml
17406,TRAIN_00242.eml
2498,TRAIN_00243.eml
3235,TRAIN_00244.eml
2534,TRAIN_00245.eml
4708,TRAIN_00246.eml
6950,TRAIN_00247.eml
2129,TRAIN_00248.eml
5782,TRAIN_00249.eml
24629,TRAIN_00250.eml
5698,TRAIN_00251.eml
5768,TRAIN_00252.eml
8961,TRAIN_00253.eml
5690,TRAIN_00254.eml
5923,TRAIN_00255.eml
5621,TRAIN_00256.eml
5863,TRAIN_00257.eml
7974,TRAIN_00258.eml
1465,TRAIN_00259.eml
4227,TRAIN_00260.eml
3008,TRAIN_00261.eml
13671,TRAIN_00262.eml
7374,TRAIN_00263.eml
5156,TRAIN_00264.eml
14723,TRAIN_00265.eml
2502,TRAIN_00266.eml
10989,TRAIN_00267.eml
5226,TRAIN_00268.eml
4015,TRAIN_00269.eml
6675,TRAIN_00270.eml
2424,TRAIN_00271.eml
4034,TRAIN_00272.eml
11720,TRAIN_00273.eml
1471,TRAIN_00274.eml
6207,TRAIN_00275.eml
9009,TRAIN_00276.eml
3818,TRAIN_00277.eml
1842,TRAIN_00278.eml
5682,TRAIN_00279.eml
7184,TRAIN_00280.eml
11953,TRAIN_00281.eml
2363,TRAIN_00282.eml
3323,TRAIN_00283.eml
4695,TRAIN_00284.eml
8221,TRAIN_00285.eml
3145,TRAIN_00286.eml
2754,TRAIN_00287.eml
5171,TRAIN_00288.eml
5925,TRAIN_00289.eml
2932,TRAIN_00290.eml
11534,TRAIN_00291.eml
6005,TRAIN_00292.eml
1797,TRAIN_00293.eml
6153,TRAIN_00294.eml
11274,TRAIN_00295.eml
3701,TRAIN_00296.eml
2558,TRAIN_00297.eml
2025,TRAIN_00298.eml
5887,TRAIN_00299.eml
4037,TRAIN_00300.eml
3289,TRAIN_00301.eml
6113,TRAIN_00302.eml
9200,TRAIN_00303.eml
6645,TRAIN_00304.eml
741,TRAIN_00305.eml
9165,TRAIN_00306.eml
4853,TRAIN_00307.eml
1851,TRAIN_00308.eml
1502,TRAIN_00309.eml
7482,TRAIN_00310.eml
5940,TRAIN_00311.eml
2147,TRAIN_00312.eml
4812,TRAIN_00313.eml
5087,TRAIN_00314.eml
6637,TRAIN_00315.eml
4578,TRAIN_00316.eml
34765,TRAIN_00317.eml
8212,TRAIN_00318.eml
12411,TRAIN_00319.eml
1191,TRAIN_00320.eml
3795,TRAIN_00321.eml
6722,TRAIN_00322.eml
1716,TRAIN_00323.eml
5864,TRAIN_00324.eml
6004,TRAIN_00325.eml
6793,TRAIN_00326.eml
1839,TRAIN_00327.eml
6773,TRAIN_00328.eml
3966,TRAIN_00329.eml
3477,TRAIN_00330.eml
8657,TRAIN_00331.eml
1144,TRAIN_00332.eml
7087,TRAIN_00333.eml
8381,TRAIN_00334.eml
15650,TRAIN_00335.eml
3639,TRAIN_00336.eml
6845,TRAIN_00337.eml
5708,TRAIN_00338.eml
7821,TRAIN_00339.eml
5662,TRAIN_00340.eml
2598,TRAIN_00341.eml
5907,TRAIN_00342.eml
4852,TRAIN_00343.eml
3681,TRAIN_00344.eml
4994,TRAIN_00345.eml
1342,TRAIN_00346.eml
3416,TRAIN_00347.eml
8466,TRAIN_00348.eml
6945,TRAIN_00349.eml
5854,TRAIN_00350.eml
4434,TRAIN_00351.eml
1300,TRAIN_00352.eml
2877,TRAIN_00353.eml
8801,TRAIN_00354.eml
11493,TRAIN_00355.eml
5435,TRAIN_00356.eml
3537,TRAIN_00357.eml
25630,TRAIN_00358.eml
7656,TRAIN_00359.eml
2134,TRAIN_00360.eml
1775,TRAIN_00361.eml
25143,TRAIN_00362.eml
6139,TRAIN_00363.eml
5857,TRAIN_00364.eml
3475,TRAIN_00365.eml
4901,TRAIN_00366.eml
7570,TRAIN_00367.eml
5229,TRAIN_00368.eml
4521,TRAIN_00369.eml
2414,TRAIN_00370.eml
5923,TRAIN_00371.eml
5758,TRAIN_00372.eml
7890,TRAIN_00373.eml
2117,TRAIN_00374.eml
4960,TRAIN_00375.eml
5296,TRAIN_00376.eml
6214,TRAIN_00377.eml
7809,TRAIN_00378.eml
7153,TRAIN_00379.eml
4962,TRAIN_00380.eml
5926,TRAIN_00381.eml
7044,TRAIN_00382.eml
1510,TRAIN_00383.eml
5932,TRAIN_00384.eml
2887,TRAIN_00385.eml
7657,TRAIN_00386.eml
2766,TRAIN_00387.eml
4687,TRAIN_00388.eml
3194,TRAIN_00389.eml
4819,TRAIN_00390.eml
3280,TRAIN_00391.eml
4822,TRAIN_00392.eml
6626,TRAIN_00393.eml
7343,TRAIN_00394.eml
8138,TRAIN_00395.eml
2784,TRAIN_00396.eml
5530,TRAIN_00397.eml
7777,TRAIN_00398.eml
6129,TRAIN_00399.eml
8808,TRAIN_00400.eml
4151,TRAIN_00401.eml
3225,TRAIN_00402.eml
2664,TRAIN_00403.eml
7592,TRAIN_00404.eml
8137,TRAIN_00405.eml
7050,TRAIN_00406.eml
8249,TRAIN_00407.eml
11407,TRAIN_00408.eml
5788,TRAIN_00409.eml
6082,TRAIN_00410.eml
36872,TRAIN_00411.eml
5656,TRAIN_00412.eml
1358,TRAIN_00413.eml
4760,TRAIN_00414.eml
5547,TRAIN_00415.eml
4894,TRAIN_00416.eml
3474,TRAIN_00417.eml
1112,TRAIN_00418.eml
6008,TRAIN_00419.eml
6701,TRAIN_00420.eml
3078,TRAIN_00421.eml
1114,TRAIN_00422.eml
1982,TRAIN_00423.eml
5042,TRAIN_00424.eml
3062,TRAIN_00425.eml
9290,TRAIN_00426.eml
5499,TRAIN_00427.eml
6178,TRAIN_00428.eml
3336,TRAIN_00429.eml
3355,TRAIN_00430.eml
5395,TRAIN_00431.eml
43502,TRAIN_00432.eml
1117,TRAIN_00433.eml
5694,TRAIN_00434.eml
6906,TRAIN_00435.eml
6716,TRAIN_00436.eml
5823,TRAIN_00437.eml
1424,TRAIN_00438.eml
5339,TRAIN_00439.eml
5858,TRAIN_00440.eml
10276,TRAIN_00441.eml
3184,TRAIN_00442.eml
26652,TRAIN_00443.eml
2880,TRAIN_00444.eml
7406,TRAIN_00445.eml
5293,TRAIN_00446.eml
2743,TRAIN_00447.eml
6090,TRAIN_00448.eml
5430,TRAIN_00449.eml
3458,TRAIN_00450.eml
3714,TRAIN_00451.eml
1176,TRAIN_00452.eml
6059,TRAIN_00453.eml
10549,TRAIN_00454.eml
1673,TRAIN_00455.eml
9501,TRAIN_00456.eml
4454,TRAIN_00457.eml
5037,TRAIN_00458.eml
3642,TRAIN_00459.eml
3758,TRAIN_00460.eml
6939,TRAIN_00461.eml
5985,TRAIN_00462.eml
5301,TRAIN_00463.eml
4495,TRAIN_00464.eml
4034,TRAIN_00465.eml
5203,TRAIN_00466.eml
4650,TRAIN_00467.eml
5216,TRAIN_00468.eml
3729,TRAIN_00469.eml
4930,TRAIN_00470.eml
2365,TRAIN_00471.eml
15746,TRAIN_00472.eml
5206,TRAIN_00473.eml
3541,TRAIN_00474.eml
3576,TRAIN_00475.eml
6354,TRAIN_00476.eml
6126,TRAIN_00477.eml
3121,TRAIN_00478.eml
6700,TRAIN_00479.eml
5157,TRAIN_00480.eml
10880,TRAIN_00481.eml
9376,TRAIN_00482.eml
6348,TRAIN_00483.eml
5907,TRAIN_00484.eml
3039,TRAIN_00485.eml
16179,TRAIN_00486.eml
3533,TRAIN_00487.eml
5976,TRAIN_00488.eml
6433,TRAIN_00489.eml
1963,TRAIN_00490.eml
2167,TRAIN_00491.eml
5465,TRAIN_00492.eml
13536,TRAIN_00493.eml
3606,TRAIN_00494.eml
5553,TRAIN_00495.eml
6879,TRAIN_00496.eml
3179,TRAIN_00497.eml
5827,TRAIN_00498.eml
11228,TRAIN_00499.eml
2739,TRAIN_00500.eml
2134,TRAIN_00501.eml
1744,TRAIN_00502.eml
6038,TRAIN_00503.eml
5425,TRAIN_00504.eml
4030,TRAIN_00505.eml
5752,TRAIN_00506.eml
4663,TRAIN_00507.eml
5342,TRAIN_00508.eml
9592,TRAIN_00509.eml
3163,TRAIN_00510.eml
7202,TRAIN_00511.eml
5661,TRAIN_00512.eml
21184,TRAIN_00513.eml
7618,TRAIN_00514.eml
6433,TRAIN_00515.eml
7236,TRAIN_00516.eml
5282,TRAIN_00517.eml
2653,TRAIN_00518.eml
5910,TRAIN_00519.eml
4004,TRAIN_00520.eml
5499,TRAIN_00521.eml
1073,TRAIN_00522.eml
5174,TRAIN_00523.eml
7187,TRAIN_00524.eml
10345,TRAIN_00525.eml
5069,TRAIN_00526.eml
5961,TRAIN_00527.eml
4502,TRAIN_00528.eml
2147,TRAIN_00529.eml
4071,TRAIN_00530.eml
6079,TRAIN_00531.eml
6282,TRAIN_00532.eml
5739,TRAIN_00533.eml
14304,TRAIN_00534.eml
5697,TRAIN_00535.eml
4017,TRAIN_00536.eml
5739,TRAIN_00537.eml
5837,TRAIN_00538.eml
4274,TRAIN_00539.eml
6601,TRAIN_00540.eml
4713,TRAIN_00541.eml
8131,TRAIN_00542.eml
6590,TRAIN_00543.eml
5569,TRAIN_00544.eml
2988,TRAIN_00545.eml
5195,TRAIN_00546.eml
7580,TRAIN_00547.eml
5853,TRAIN_00548.eml
6047,TRAIN_00549.eml
1489,TRAIN_00550.eml
7694,TRAIN_00551.eml
22848,TRAIN_00552.eml
8767,TRAIN_00553.eml
4430,TRAIN_00554.eml
6684,TRAIN_00555.eml
1453,TRAIN_00556.eml
5164,TRAIN_00557.eml
24037,TRAIN_00558.eml
16655,TRAIN_00559.eml
6058,TRAIN_00560.eml
2880,TRAIN_00561.eml
30866,TRAIN_00562.eml
4017,TRAIN_00563.eml
7455,TRAIN_00564.eml
6709,TRAIN_00565.eml
3839,TRAIN_00566.eml
3202,TRAIN_00567.eml
5652,TRAIN_00568.eml
23023,TRAIN_00569.eml
6187,TRAIN_00570.eml
3532,TRAIN_00571.eml
4990,TRAIN_00572.eml
5548,TRAIN_00573.eml
4476,TRAIN_00574.eml
5395,TRAIN_00575.eml
2412,TRAIN_00576.eml
1381,TRAIN_00577.eml
4030,TRAIN_00578.eml
7679,TRAIN_00579.eml
3740,TRAIN_00580.eml
5764,TRAIN_00581.eml
4940,TRAIN_00582.eml
5333,TRAIN_00583.eml
1464,TRAIN_00584.eml
8307,TRAIN_00585.eml
6116,TRAIN_00586.eml
1186,TRAIN_00587.eml
2585,TRAIN_00588.eml
2811,TRAIN_00589.eml
2959,TRAIN_00590.eml
4059,TRAIN_00591.eml
7864,TRAIN_00592.eml
3100,TRAIN_00593.eml
3336,TRAIN_00594.eml
4857,TRAIN_00595.eml
4035,TRAIN_00596.eml
7628,TRAIN_00597.eml
4297,TRAIN_00598.eml
6808,TRAIN_00599.eml
11152,TRAIN_00600.eml
6637,TRAIN_00601.eml
9316,TRAIN_00602.eml
2745,TRAIN_00603.eml
1715,TRAIN_00604.eml
8378,TRAIN_00605.eml
6912,TRAIN_00606.eml
3246,TRAIN_00607.eml
5611,TRAIN_00608.eml
5799,TRAIN_00609.eml
3291,TRAIN_00610.eml
7804,TRAIN_00611.eml
5882,TRAIN_00612.eml
4089,TRAIN_00613.eml
6050,TRAIN_00614.eml
5684,TRAIN_00615.eml
1373,TRAIN_00616.eml
6216,TRAIN_00617.eml
2594,TRAIN_00618.eml
3952,TRAIN_00619.eml
24182,TRAIN_00620.eml
5592,TRAIN_00621.eml
8732,TRAIN_00622.eml
5227,TRAIN_00623.eml
8952,TRAIN_00624.eml
25848,TRAIN_00625.eml
3769,TRAIN_00626.eml
3092,TRAIN_00627.eml
2216,TRAIN_00628.eml
17645,TRAIN_00629.eml
2441,TRAIN_00630.eml
3830,TRAIN_00631.eml
5727,TRAIN_00632.eml
4135,TRAIN_00633.eml
13823,TRAIN_00634.eml
5592,TRAIN_00635.eml
6370,TRAIN_00636.eml
8126,TRAIN_00637.eml
7310,TRAIN_00638.eml
6594,TRAIN_00639.eml
3613,TRAIN_00640.eml
4117,TRAIN_00641.eml
2954,TRAIN_00642.eml
6714,TRAIN_00643.eml
52786,TRAIN_00644.eml
1100,TRAIN_00645.eml
7481,TRAIN_00646.eml
3486,TRAIN_00647.eml
7561,TRAIN_00648.eml
8328,TRAIN_00649.eml
28545,TRAIN_00650.eml
5835,TRAIN_00651.eml
9856,TRAIN_00652.eml
5962,TRAIN_00653.eml
5329,TRAIN_00654.eml
15782,TRAIN_00655.eml
6454,TRAIN_00656.eml
8549,TRAIN_00657.eml
32542,TRAIN_00658.eml
5400,TRAIN_00659.eml
2028,TRAIN_00660.eml
12243,TRAIN_00661.eml
26933,TRAIN_00662.eml
5192,TRAIN_00663.eml
4470,TRAIN_00664.eml
4261,TRAIN_00665.eml
8211,TRAIN_00666.eml
5874,TRAIN_00667.eml
5928,TRAIN_00668.eml
2187,TRAIN_00669.eml
8126,TRAIN_00670.eml
3577,TRAIN_00671.eml
5050,TRAIN_00672.eml
6617,TRAIN_00673.eml
2465,TRAIN_00674.eml
27179,TRAIN_00675.eml
1991,TRAIN_00676.eml
3597,TRAIN_00677.eml
6755,TRAIN_00678.eml
5504,TRAIN_00679.eml
3345,TRAIN_00680.eml
6484,TRAIN_00681.eml
3381,TRAIN_00682.eml
1114,TRAIN_00683.eml
10978,TRAIN_00684.eml
8363,TRAIN_00685.eml
3472,TRAIN_00686.eml
3878,TRAIN_00687.eml
9522,TRAIN_00688.eml
7607,TRAIN_00689.eml
8449,TRAIN_00690.eml
24964,TRAIN_00691.eml
10657,TRAIN_00692.eml
8177,TRAIN_00693.eml
9804,TRAIN_00694.eml
1708,TRAIN_00695.eml
8937,TRAIN_00696.eml
2451,TRAIN_00697.eml
3583,TRAIN_00698.eml
3931,TRAIN_00699.eml
4045,TRAIN_00700.eml
5269,TRAIN_00701.eml
6495,TRAIN_00702.eml
4707,TRAIN_00703.eml
4663,TRAIN_00704.eml
5186,TRAIN_00705.eml
4971,TRAIN_00706.eml
6227,TRAIN_00707.eml
5214,TRAIN_00708.eml
7715,TRAIN_00709.eml
2925,TRAIN_00710.eml
7058,TRAIN_00711.eml
5253,TRAIN_00712.eml
2121,TRAIN_00713.eml
27030,TRAIN_00714.eml
6753,TRAIN_00715.eml
4381,TRAIN_00716.eml
5299,TRAIN_00717.eml
6804,TRAIN_00718.eml
3681,TRAIN_00719.eml
2027,TRAIN_00720.eml
897,TRAIN_00721.eml
5703,TRAIN_00722.eml
9009,TRAIN_00723.eml
3748,TRAIN_00724.eml
6684,TRAIN_00725.eml
2358,TRAIN_00726.eml
3748,TRAIN_00727.eml
1673,TRAIN_00728.eml
5193,TRAIN_00729.eml
32914,TRAIN_00730.eml
3268,TRAIN_00731.eml
36005,TRAIN_00732.eml
1449,TRAIN_00733.eml
6411,TRAIN_00734.eml
3840,TRAIN_00735.eml
1874,TRAIN_00736.eml
6627,TRAIN_00737.eml
22928,TRAIN_00738.eml
5505,TRAIN_00739.eml
5277,TRAIN_00740.eml
4440,TRAIN_00741.eml
1504,TRAIN_00742.eml
3701,TRAIN_00743.eml
2030,TRAIN_00744.eml
5882,TRAIN_00745.eml
4501,TRAIN_00746.eml
7655,TRAIN_00747.eml
3032,TRAIN_00748.eml
3497,TRAIN_00749.eml
8746,TRAIN_00750.eml
6053,TRAIN_00751.eml
6358,TRAIN_00752.eml
2908,TRAIN_00753.eml
9743,TRAIN_00754.eml
1161,TRAIN_00755.eml
536,TRAIN_00756.eml
1349,TRAIN_00757.eml
5877,TRAIN_00758.eml
10649,TRAIN_00759.eml
6015,TRAIN_00760.eml
3338,TRAIN_00761.eml
6056,TRAIN_00762.eml
3415,TRAIN_00763.eml
33508,TRAIN_00764.eml
5387,TRAIN_00765.eml
6136,TRAIN_00766.eml
6564,TRAIN_00767.eml
3549,TRAIN_00768.eml
7534,TRAIN_00769.eml
7379,TRAIN_00770.eml
666,TRAIN_00771.eml
2435,TRAIN_00772.eml
6989,TRAIN_00773.eml
10894,TRAIN_00774.eml
3402,TRAIN_00775.eml
3694,TRAIN_00776.eml
5866,TRAIN_00777.eml
5493,TRAIN_00778.eml
1298,TRAIN_00779.eml
4563,TRAIN_00780.eml
5502,TRAIN_00781.eml
3180,TRAIN_00782.eml
4362,TRAIN_00783.eml
1185,TRAIN_00784.eml
2980,TRAIN_00785.eml
6098,TRAIN_00786.eml
5104,TRAIN_00787.eml
5650,TRAIN_00788.eml
3064,TRAIN_00789.eml
3081,TRAIN_00790.eml
2692,TRAIN_00791.eml
2906,TRAIN_00792.eml
2882,TRAIN_00793.eml
24612,TRAIN_00794.eml
10837,TRAIN_00795.eml
4082,TRAIN_00796.eml
5658,TRAIN_00797.eml
3798,TRAIN_00798.eml
3679,TRAIN_00799.eml
4959,TRAIN_00800.eml
10833,TRAIN_00801.eml
6488,TRAIN_00802.eml
13796,TRAIN_00803.eml
18242,TRAIN_00804.eml
2473,TRAIN_00805.eml
6492,TRAIN_00806.eml
10799,TRAIN_00807.eml
27123,TRAIN_00808.eml
5448,TRAIN_00809.eml
5689,TRAIN_00810.eml
6051,TRAIN_00811.eml
5977,TRAIN_00812.eml
3822,TRAIN_00813.eml
1958,TRAIN_00814.eml
92192,TRAIN_00815.eml
1463,TRAIN_00816.eml
4969,TRAIN_00817.eml
7436,TRAIN_00818.eml
8665,TRAIN_00819.eml
1497,TRAIN_00820.eml
18551,TRAIN_00821.eml
5283,TRAIN_00822.eml
5605,TRAIN_00823.eml
1147,TRAIN_00824.eml
5548,TRAIN_00825.eml
1287,TRAIN_00826.eml
6800,TRAIN_00827.eml
7312,TRAIN_00828.eml
1187,TRAIN_00829.eml
8167,TRAIN_00830.eml
3910,TRAIN_00831.eml
12022,TRAIN_00832.eml
5567,TRAIN_00833.eml
29726,TRAIN_00834.eml
3250,TRAIN_00835.eml
3874,TRAIN_00836.eml
3646,TRAIN_00837.eml
2645,TRAIN_00838.eml
27412,TRAIN_00839.eml
1515,TRAIN_00840.eml
5374,TRAIN_00841.eml
11427,TRAIN_00842.eml
5253,TRAIN_00843.eml
5033,TRAIN_00844.eml
6918,TRAIN_00845.eml
6592,TRAIN_00846.eml
3941,TRAIN_00847.eml
2985,TRAIN_00848.eml
5964,TRAIN_00849.eml
13434,TRAIN_00850.eml
6440,TRAIN_00851.eml
1118,TRAIN_00852.eml
19798,TRAIN_00853.eml
5615,TRAIN_00854.eml
5658,TRAIN_00855.eml
43435,TRAIN_00856.eml
8939,TRAIN_00857.eml
8064,TRAIN_00858.eml
4703,TRAIN_00859.eml
1309,TRAIN_00860.eml
5317,TRAIN_00861.eml
3122,TRAIN_00862.eml
7946,TRAIN_00863.eml
5543,TRAIN_00864.eml
12534,TRAIN_00865.eml
1215,TRAIN_00866.eml
8335,TRAIN_00867.eml
2727,TRAIN_00868.eml
8158,TRAIN_00869.eml
32746,TRAIN_00870.eml
3162,TRAIN_00871.eml
9378,TRAIN_00872.eml
3724,TRAIN_00873.eml
6512,TRAIN_00874.eml
6632,TRAIN_00875.eml
7072,TRAIN_00876.eml
6857,TRAIN_00877.eml
1083,TRAIN_00878.eml
7595,TRAIN_00879.eml
5687,TRAIN_00880.eml
4017,TRAIN_00881.eml
3568,TRAIN_00882.eml
3777,TRAIN_00883.eml
13608,TRAIN_00884.eml
6584,TRAIN_00885.eml
5640,TRAIN_00886.eml
36580,TRAIN_00887.eml
9384,TRAIN_00888.eml
4595,TRAIN_00889.eml
4881,TRAIN_00890.eml
2927,TRAIN_00891.eml
6750,TRAIN_00892.eml
3962,TRAIN_00893.eml
2961,TRAIN_00894.eml
3410,TRAIN_00895.eml
5249,TRAIN_00896.eml
16518,TRAIN_00897.eml
17360,TRAIN_00898.eml
5674,TRAIN_00899.eml
3264,TRAIN_00900.eml
6385,TRAIN_00901.eml
1243,TRAIN_00902.eml
12291,TRAIN_00903.eml
4717,TRAIN_00904.eml
3698,TRAIN_00905.eml
3883,TRAIN_00906.eml
11168,TRAIN_00907.eml
6217,TRAIN_00908.eml
5314,TRAIN_00909.eml
5975,TRAIN_00910.eml
6966,TRAIN_00911.eml
4479,TRAIN_00912.eml
7282,TRAIN_00913.eml
11457,TRAIN_00914.eml
6838,TRAIN_00915.eml
14802,TRAIN_00916.eml
6801,TRAIN_00917.eml
2030,TRAIN_00918.eml
6194,TRAIN_00919.eml
6830,TRAIN_00920.eml
6693,TRAIN_00921.eml
5177,TRAIN_00922.eml
4273,TRAIN_00923.eml
1759,TRAIN_00924.eml
4049,TRAIN_00925.eml
4921,TRAIN_00926.eml
5817,TRAIN_00927.eml
4953,TRAIN_00928.eml
5904,TRAIN_00929.eml
20496,TRAIN_00930.eml
6166,TRAIN_00931.eml
1148,TRAIN_00932.eml
4938,TRAIN_00933.eml
4142,TRAIN_00934.eml
2018,TRAIN_00935.eml
5950,TRAIN_00936.eml
5290,TRAIN_00937.eml
1458,TRAIN_00938.eml
4507,TRAIN_00939.eml
12108,TRAIN_00940.eml
11091,TRAIN_00941.eml
4877,TRAIN_00942.eml
5950,TRAIN_00943.eml
4041,TRAIN_00944.eml
3328,TRAIN_00945.eml
24557,TRAIN_00946.eml
43410,TRAIN_00947.eml
4680,TRAIN_00948.eml
6015,TRAIN_00949.eml
5862,TRAIN_00950.eml
1453,TRAIN_00951.eml
6470,TRAIN_00952.eml
6000,TRAIN_00953.eml
3815,TRAIN_00954.eml
3410,TRAIN_00955.eml
1967,TRAIN_00956.eml
1054,TRAIN_00957.eml
2485,TRAIN_00958.eml
2726,TRAIN_00959.eml
41360,TRAIN_00960.eml
5267,TRAIN_00961.eml
2663,TRAIN_00962.eml
3717,TRAIN_00963.eml
4119,TRAIN_00964.eml
2103,TRAIN_00965.eml
2947,TRAIN_00966.eml
3673,TRAIN_00967.eml
1175,TRAIN_00968.eml
6178,TRAIN_00969.eml
2894,TRAIN_00970.eml
3342,TRAIN_00971.eml
11188,TRAIN_00972.eml
2243,TRAIN_00973.eml
4690,TRAIN_00974.eml
3560,TRAIN_00975.eml
2569,TRAIN_00976.eml
22407,TRAIN_00977.eml
2069,TRAIN_00978.eml
5017,TRAIN_00979.eml
6599,TRAIN_00980.eml
2262,TRAIN_00981.eml
8041,TRAIN_00982.eml
7557,TRAIN_00983.eml
5307,TRAIN_00984.eml
1042,TRAIN_00985.eml
5890,TRAIN_00986.eml
5257,TRAIN_00987.eml
7372,TRAIN_00988.eml
3787,TRAIN_00989.eml
3356,TRAIN_00990.eml
9800,TRAIN_00991.eml
5520,TRAIN_00992.eml
32977,TRAIN_00993.eml
4836,TRAIN_00994.eml
26717,TRAIN_00995.eml
3385,TRAIN_00996.eml
2659,TRAIN_00997.eml
1377,TRAIN_00998.eml
7639,TRAIN_00999.eml
7775,TRAIN_01000.eml
5735,TRAIN_01001.eml
6391,TRAIN_01002.eml
5113,TRAIN_01003.eml
4970,TRAIN_01004.eml
11177,TRAIN_01005.eml
10813,TRAIN_01006.eml
11731,TRAIN_01007.eml
2225,TRAIN_01008.eml
6165,TRAIN_01009.eml
4381,TRAIN_01010.eml
10991,TRAIN_01011.eml
5924,TRAIN_01012.eml
8557,TRAIN_01013.eml
8172,TRAIN_01014.eml
4427,TRAIN_01015.eml
7588,TRAIN_01016.eml
7573,TRAIN_01017.eml
8625,TRAIN_01018.eml
17792,TRAIN_01019.eml
3091,TRAIN_01020.eml
1157,TRAIN_01021.eml
3559,TRAIN_01022.eml
6294,TRAIN_01023.eml
3925,TRAIN_01024.eml
16721,TRAIN_01025.eml
7076,TRAIN_01026.eml
3489,TRAIN_01027.eml
4177,TRAIN_01028.eml
36846,TRAIN_01029.eml
17867,TRAIN_01030.eml
3666,TRAIN_01031.eml
2598,TRAIN_01032.eml
12290,TRAIN_01033.eml
5541,TRAIN_01034.eml
8335,TRAIN_01035.eml
5014,TRAIN_01036.eml
3553,TRAIN_01037.eml
4784,TRAIN_01038.eml
6085,TRAIN_01039.eml
4967,TRAIN_01040.eml
5498,TRAIN_01041.eml
5775,TRAIN_01042.eml
2661,TRAIN_01043.eml
3537,TRAIN_01044.eml
9543,TRAIN_01045.eml
5281,TRAIN_01046.eml
3355,TRAIN_01047.eml
6845,TRAIN_01048.eml
1173,TRAIN_01049.eml
8924,TRAIN_01050.eml
5278,TRAIN_01051.eml
11071,TRAIN_01052.eml
5930,TRAIN_01053.eml
12283,TRAIN_01054.eml
1846,TRAIN_01055.eml
5593,TRAIN_01056.eml
5699,TRAIN_01057.eml
8210,TRAIN_01058.eml
5157,TRAIN_01059.eml
3258,TRAIN_01060.eml
3580,TRAIN_01061.eml
1376,TRAIN_01062.eml
12064,TRAIN_01063.eml
14413,TRAIN_01064.eml
5341,TRAIN_01065.eml
3813,TRAIN_01066.eml
8865,TRAIN_01067.eml
7229,TRAIN_01068.eml
5427,TRAIN_01069.eml
5985,TRAIN_01070.eml
6392,TRAIN_01071.eml
2877,TRAIN_01072.eml
10568,TRAIN_01073.eml
6054,TRAIN_01074.eml
8375,TRAIN_01075.eml
6582,TRAIN_01076.eml
5305,TRAIN_01077.eml
3854,TRAIN_01078.eml
3104,TRAIN_01079.eml
5075,TRAIN_01080.eml
1474,TRAIN_01081.eml
3383,TRAIN_01082.eml
2662,TRAIN_01083.eml
5500,TRAIN_01084.eml
2184,TRAIN_01085.eml
1545,TRAIN_01086.eml
3620,TRAIN_01087.eml
3780,TRAIN_01088.eml
5835,TRAIN_01089.eml
1801,TRAIN_01090.eml
1479,TRAIN_01091.eml
6167,TRAIN_01092.eml
6534,TRAIN_01093.eml
32958,TRAIN_01094.eml
8117,TRAIN_01095.eml
7136,TRAIN_01096.eml
1233,TRAIN_01097.eml
2316,TRAIN_01098.eml
5995,TRAIN_01099.eml
4503,TRAIN_01100.eml
4345,TRAIN_01101.eml
4162,TRAIN_01102.eml
5612,TRAIN_01103.eml
1899,TRAIN_01104.eml
3414,TRAIN_01105.eml
7337,TRAIN_01106.eml
2670,TRAIN_01107.eml
4813,TRAIN_01108.eml
24191,TRAIN_01109.eml
5847,TRAIN_01110.eml
8494,TRAIN_01111.eml
1110,TRAIN_01112.eml
4484,TRAIN_01113.eml
3078,TRAIN_01114.eml
1575,TRAIN_01115.eml
7686,TRAIN_01116.eml
2694,TRAIN_01117.eml
3580,TRAIN_01118.eml
6905,TRAIN_01119.eml
14242,TRAIN_01120.eml
1676,TRAIN_01121.eml
1064,TRAIN_01122.eml
3082,TRAIN_01123.eml
4013,TRAIN_01124.eml
1220,TRAIN_01125.eml
10570,TRAIN_01126.eml
5348,TRAIN_01127.eml
4565,TRAIN_01128.eml
5389,TRAIN_01129.eml
8917,TRAIN_01130.eml
6453,TRAIN_01131.eml
2570,TRAIN_01132.eml
6379,TRAIN_01133.eml
6302,TRAIN_01134.eml
5302,TRAIN_01135.eml
2479,TRAIN_01136.eml
5061,TRAIN_01137.eml
6161,TRAIN_01138.eml
6748,TRAIN_01139.eml
12586,TRAIN_01140.eml
2437,TRAIN_01141.eml
11216,TRAIN_01142.eml
1350,TRAIN_01143.eml
6045,TRAIN_01144.eml
21279,TRAIN_01145.eml
5384,TRAIN_01146.eml
4713,TRAIN_01147.eml
8451,TRAIN_01148.eml
5131,TRAIN_01149.eml
4518,TRAIN_01150.eml
5090,TRAIN_01151.eml
5745,TRAIN_01152.eml
1805,TRAIN_01153.eml
3272,TRAIN_01154.eml
23564,TRAIN_01155.eml
5532,TRAIN_01156.eml
4939,TRAIN_01157.eml
5798,TRAIN_01158.eml
5566,TRAIN_01159.eml
5216,TRAIN_01160.eml
1372,TRAIN_01161.eml
3664,TRAIN_01162.eml
3045,TRAIN_01163.eml
7396,TRAIN_01164.eml
1973,TRAIN_01165.eml
5658,TRAIN_01166.eml
4052,TRAIN_01167.eml
3616,TRAIN_01168.eml
2634,TRAIN_01169.eml
4428,TRAIN_01170.eml
32396,TRAIN_01171.eml
1068,TRAIN_01172.eml
3500,TRAIN_01173.eml
4545,TRAIN_01174.eml
6701,TRAIN_01175.eml
4250,TRAIN_01176.eml
7461,TRAIN_01177.eml
3631,TRAIN_01178.eml
5163,TRAIN_01179.eml
9405,TRAIN_01180.eml
2495,TRAIN_01181.eml
12049,TRAIN_01182.eml
5067,TRAIN_01183.eml
5431,TRAIN_01184.eml
7633,TRAIN_01185.eml
2755,TRAIN_01186.eml
3600,TRAIN_01187.eml
2694,TRAIN_01188.eml
5507,TRAIN_01189.eml
5517,TRAIN_01190.eml
5849,TRAIN_01191.eml
3638,TRAIN_01192.eml
5672,TRAIN_01193.eml
9013,TRAIN_01194.eml
6872,TRAIN_01195.eml
3538,TRAIN_01196.eml
1869,TRAIN_01197.eml
5853,TRAIN_01198.eml
43422,TRAIN_01199.eml
3403,TRAIN_01200.eml
6436,TRAIN_01201.eml
2530,TRAIN_01202.eml
5952,TRAIN_01203.eml
4726,TRAIN_01204.eml
1184,TRAIN_01205.eml
8168,TRAIN_01206.eml
5542,TRAIN_01207.eml
4119,TRAIN_01208.eml
7306,TRAIN_01209.eml
5874,TRAIN_01210.eml
2392,TRAIN_01211.eml
3303,TRAIN_01212.eml
5495,TRAIN_01213.eml
4616,TRAIN_01214.eml
12985,TRAIN_01215.eml
17761,TRAIN_01216.eml
4730,TRAIN_01217.eml
17798,TRAIN_01218.eml
1956,TRAIN_01219.eml
6474,TRAIN_01220.eml
4480,TRAIN_01221.eml
1122,TRAIN_01222.eml
11899,TRAIN_01223.eml
7297,TRAIN_01224.eml
6084,TRAIN_01225.eml
3822,TRAIN_01226.eml
5537,TRAIN_01227.eml
4879,TRAIN_01228.eml
11293,TRAIN_01229.eml
7760,TRAIN_01230.eml
6946,TRAIN_01231.eml
9006,TRAIN_01232.eml
1138,TRAIN_01233.eml
4720,TRAIN_01234.eml
6372,TRAIN_01235.eml
2078,TRAIN_01236.eml
5651,TRAIN_01237.eml
5158,TRAIN_01238.eml
1126,TRAIN_01239.eml
6908,TRAIN_01240.eml
7118,TRAIN_01241.eml
195862,TRAIN_01242.eml
5753,TRAIN_01243.eml
7119,TRAIN_01244.eml
4803,TRAIN_01245.eml
3876,TRAIN_01246.eml
6455,TRAIN_01247.eml
1933,TRAIN_01248.eml
3448,TRAIN_01249.eml
25034,TRAIN_01250.eml
5926,TRAIN_01251.eml
2876,TRAIN_01252.eml
11465,TRAIN_01253.eml
6482,TRAIN_01254.eml
4525,TRAIN_01255.eml
14908,TRAIN_01256.eml
5095,TRAIN_01257.eml
1183,TRAIN_01258.eml
6019,TRAIN_01259.eml
8104,TRAIN_01260.eml
32151,TRAIN_01261.eml
2050,TRAIN_01262.eml
1450,TRAIN_01263.eml
6071,TRAIN_01264.eml
9827,TRAIN_01265.eml
1165,TRAIN_01266.eml
4802,TRAIN_01267.eml
3911,TRAIN_01268.eml
5324,TRAIN_01269.eml
1700,TRAIN_01270.eml
3354,TRAIN_01271.eml
2216,TRAIN_01272.eml
2305,TRAIN_01273.eml
6307,TRAIN_01274.eml
5196,TRAIN_01275.eml
4079,TRAIN_01276.eml
4256,TRAIN_01277.eml
6288,TRAIN_01278.eml
5150,TRAIN_01279.eml
5557,TRAIN_01280.eml
5344,TRAIN_01281.eml
8760,TRAIN_01282.eml
5422,TRAIN_01283.eml
17006,TRAIN_01284.eml
1174,TRAIN_01285.eml
4208,TRAIN_01286.eml
4685,TRAIN_01287.eml
3935,TRAIN_01288.eml
4578,TRAIN_01289.eml
9551,TRAIN_01290.eml
4294,TRAIN_01291.eml
1246,TRAIN_01292.eml
17656,TRAIN_01293.eml
7754,TRAIN_01294.eml
5855,TRAIN_01295.eml
4193,TRAIN_01296.eml
7345,TRAIN_01297.eml
2374,TRAIN_01298.eml
5503,TRAIN_01299.eml
30888,TRAIN_01300.eml
3530,TRAIN_01301.eml
4993,TRAIN_01302.eml
6756,TRAIN_01303.eml
7213,TRAIN_01304.eml
1432,TRAIN_01305.eml
4665,TRAIN_01306.eml
2514,TRAIN_01307.eml
8347,TRAIN_01308.eml
1941,TRAIN_01309.eml
6000,TRAIN_01310.eml
3790,TRAIN_01311.eml
6375,TRAIN_01312.eml
45446,TRAIN_01313.eml
5749,TRAIN_01314.eml
3435,TRAIN_01315.eml
3928,TRAIN_01316.eml
3286,TRAIN_01317.eml
5713,TRAIN_01318.eml
5629,TRAIN_01319.eml
2801,TRAIN_01320.eml
19164,TRAIN_01321.eml
4067,TRAIN_01322.eml
17657,TRAIN_01323.eml
23805,TRAIN_01324.eml
5439,TRAIN_01325.eml
10721,TRAIN_01326.eml
6985,TRAIN_01327.eml
5191,TRAIN_01328.eml
8759,TRAIN_01329.eml
6821,TRAIN_01330.eml
6856,TRAIN_01331.eml
12714,TRAIN_01332.eml
1808,TRAIN_01333.eml
3607,TRAIN_01334.eml
6282,TRAIN_01335.eml
11057,TRAIN_01336.eml
1218,TRAIN_01337.eml
2102,TRAIN_01338.eml
7671,TRAIN_01339.eml
2691,TRAIN_01340.eml
6888,TRAIN_01341.eml
5770,TRAIN_01342.eml
8359,TRAIN_01343.eml
2888,TRAIN_01344.eml
2291,TRAIN_01345.eml
6335,TRAIN_01346.eml
1420,TRAIN_01347.eml
1622,TRAIN_01348.eml
1708,TRAIN_01349.eml
2322,TRAIN_01350.eml
1293,TRAIN_01351.eml
3870,TRAIN_01352.eml
6780,TRAIN_01353.eml
1668,TRAIN_01354.eml
11329,TRAIN_01355.eml
4615,TRAIN_01356.eml
5525,TRAIN_01357.eml
5516,TRAIN_01358.eml
6711,TRAIN_01359.eml
2852,TRAIN_01360.eml
14358,TRAIN_01361.eml
7873,TRAIN_01362.eml
6326,TRAIN_01363.eml
5093,TRAIN_01364.eml
3239,TRAIN_01365.eml
3540,TRAIN_01366.eml
5146,TRAIN_01367.eml
38126,TRAIN_01368.eml
5732,TRAIN_01369.eml
5277,TRAIN_01370.eml
1229,TRAIN_01371.eml
4877,TRAIN_01372.eml
5631,TRAIN_01373.eml
2706,TRAIN_01374.eml
1117,TRAIN_01375.eml
1169,TRAIN_01376.eml
2714,TRAIN_01377.eml
2135,TRAIN_01378.eml
5257,TRAIN_01379.eml
5505,TRAIN_01380.eml
6457,TRAIN_01381.eml
7124,TRAIN_01382.eml
1533,TRAIN_01383.eml
1102,TRAIN_01384.eml
5208,TRAIN_01385.eml
2529,TRAIN_01386.eml
3405,TRAIN_01387.eml
3204,TRAIN_01388.eml
3390,TRAIN_01389.eml
4055,TRAIN_01390.eml
4649,TRAIN_01391.eml
8166,TRAIN_01392.eml
1186,TRAIN_01393.eml
18513,TRAIN_01394.eml
8430,TRAIN_01395.eml
2674,TRAIN_01396.eml
5084,TRAIN_01397.eml
43439,TRAIN_01398.eml
6696,TRAIN_01399.eml
5839,TRAIN_01400.eml
3632,TRAIN_01401.eml
13406,TRAIN_01402.eml
11713,TRAIN_01403.eml
6043,TRAIN_01404.eml
2809,TRAIN_01405.eml
24943,TRAIN_01406.eml
19742,TRAIN_01407.eml
4629,TRAIN_01408.eml
5657,TRAIN_01409.eml
3917,TRAIN_01410.eml
4042,TRAIN_01411.eml
7958,TRAIN_01412.eml
3178,TRAIN_01413.eml
4170,TRAIN_01414.eml
5791,TRAIN_01415.eml
7409,TRAIN_01416.eml
3714,TRAIN_01417.eml
1723,TRAIN_01418.eml
6359,TRAIN_01419.eml
1114,TRAIN_01420.eml
4461,TRAIN_01421.eml
3798,TRAIN_01422.eml
2096,TRAIN_01423.eml
5907,TRAIN_01424.eml
3890,TRAIN_01425.eml
7414,TRAIN_01426.eml
5118,TRAIN_01427.eml
2085,TRAIN_01428.eml
7739,TRAIN_01429.eml
3915,TRAIN_01430.eml
6604,TRAIN_01431.eml
2250,TRAIN_01432.eml
7932,TRAIN_01433.eml
3086,TRAIN_01434.eml
11587,TRAIN_01435.eml
10578,TRAIN_01436.eml
5249,TRAIN_01437.eml
5391,TRAIN_01438.eml
8892,TRAIN_01439.eml
5209,TRAIN_01440.eml
2714,TRAIN_01441.eml
4032,TRAIN_01442.eml
5575,TRAIN_01443.eml
5691,TRAIN_01444.eml
4827,TRAIN_01445.eml
3522,TRAIN_01446.eml
9815,TRAIN_01447.eml
7491,TRAIN_01448.eml
4724,TRAIN_01449.eml
4322,TRAIN_01450.eml
5778,TRAIN_01451.eml
5656,TRAIN_01452.eml
2137,TRAIN_01453.eml
1553,TRAIN_01454.eml
1075,TRAIN_01455.eml
5402,TRAIN_01456.eml
3455,TRAIN_01457.eml
7039,TRAIN_01458.eml
3688,TRAIN_01459.eml
6351,TRAIN_01460.eml
4152,TRAIN_01461.eml
3041,TRAIN_01462.eml
5523,TRAIN_01463.eml
3982,TRAIN_01464.eml
6185,TRAIN_01465.eml
1637,TRAIN_01466.eml
5463,TRAIN_01467.eml
7128,TRAIN_01468.eml
3643,TRAIN_01469.eml
5844,TRAIN_01470.eml
6486,TRAIN_01471.eml
3047,TRAIN_01472.eml
7406,TRAIN_01473.eml
2505,TRAIN_01474.eml
1499,TRAIN_01475.eml
6009,TRAIN_01476.eml
11002,TRAIN_01477.eml
2683,TRAIN_01478.eml
1478,TRAIN_01479.eml
3164,TRAIN_01480.eml
5598,TRAIN_01481.eml
5515,TRAIN_01482.eml
2730,TRAIN_01483.eml
9904,TRAIN_01484.eml
4065,TRAIN_01485.eml
5479,TRAIN_01486.eml
9557,TRAIN_01487.eml
1195,TRAIN_01488.eml
4845,TRAIN_01489.eml
4334,TRAIN_01490.eml
5469,TRAIN_01491.eml
5789,TRAIN_01492.eml
6438,TRAIN_01493.eml
3727,TRAIN_01494.eml
7600,TRAIN_01495.eml
6370,TRAIN_01496.eml
4671,TRAIN_01497.eml
1294,TRAIN_01498.eml
1806,TRAIN_01499.eml
1822,TRAIN_01500.eml
8390,TRAIN_01501.eml
3495,TRAIN_01502.eml
4238,TRAIN_01503.eml
12008,TRAIN_01504.eml
8053,TRAIN_01505.eml
6282,TRAIN_01506.eml
6252,TRAIN_01507.eml
1082,TRAIN_01508.eml
13334,TRAIN_01509.eml
1224,TRAIN_01510.eml
11211,TRAIN_01511.eml
5823,TRAIN_01512.eml
28756,TRAIN_01513.eml
7368,TRAIN_01514.eml
3519,TRAIN_01515.eml
1384,TRAIN_01516.eml
2913,TRAIN_01517.eml
6091,TRAIN_01518.eml
6807,TRAIN_01519.eml
31525,TRAIN_01520.eml
4202,TRAIN_01521.eml
1223,TRAIN_01522.eml
6675,TRAIN_01523.eml
2856,TRAIN_01524.eml
5510,TRAIN_01525.eml
6581,TRAIN_01526.eml
3890,TRAIN_01527.eml
29631,TRAIN_01528.eml
2705,TRAIN_01529.eml
3967,TRAIN_01530.eml
8431,TRAIN_01531.eml
12399,TRAIN_01532.eml
5579,TRAIN_01533.eml
3688,TRAIN_01534.eml
6784,TRAIN_01535.eml
5102,TRAIN_01536.eml
3315,TRAIN_01537.eml
8226,TRAIN_01538.eml
10258,TRAIN_01539.eml
5186,TRAIN_01540.eml
6582,TRAIN_01541.eml
1819,TRAIN_01542.eml
20497,TRAIN_01543.eml
5212,TRAIN_01544.eml
7621,TRAIN_01545.eml
8183,TRAIN_01546.eml
6932,TRAIN_01547.eml
2306,TRAIN_01548.eml
6201,TRAIN_01549.eml
3816,TRAIN_01550.eml
4292,TRAIN_01551.eml
1032,TRAIN_01552.eml
2521,TRAIN_01553.eml
3215,TRAIN_01554.eml
1407,TRAIN_01555.eml
6138,TRAIN_01556.eml
3372,TRAIN_01557.eml
4781,TRAIN_01558.eml
9446,TRAIN_01559.eml
1714,TRAIN_01560.eml
4158,TRAIN_01561.eml
2050,TRAIN_01562.eml
3155,TRAIN_01563.eml
10174,TRAIN_01564.eml
5635,TRAIN_01565.eml
9351,TRAIN_01566.eml
12754,TRAIN_01567.eml
7404,TRAIN_01568.eml
5212,TRAIN_01569.eml
1552,TRAIN_01570.eml
2869,TRAIN_01571.eml
3199,TRAIN_01572.eml
3429,TRAIN_01573.eml
6648,TRAIN_01574.eml
2956,TRAIN_01575.eml
5471,TRAIN_01576.eml
7841,TRAIN_01577.eml
1673,TRAIN_01578.eml
3132,TRAIN_01579.eml
3431,TRAIN_01580.eml
3992,TRAIN_01581.eml
6371,TRAIN_01582.eml
4282,TRAIN_01583.eml
29844,TRAIN_01584.eml
7143,TRAIN_01585.eml
17817,TRAIN_01586.eml
2778,TRAIN_01587.eml
7386,TRAIN_01588.eml
2690,TRAIN_01589.eml
1096,TRAIN_01590.eml
6378,TRAIN_01591.eml
3637,TRAIN_01592.eml
5378,TRAIN_01593.eml
12062,TRAIN_01594.eml
1128,TRAIN_01595.eml
7054,TRAIN_01596.eml
1182,TRAIN_01597.eml
1153,TRAIN_01598.eml
2276,TRAIN_01599.eml
6194,TRAIN_01600.eml
2746,TRAIN_01601.eml
5869,TRAIN_01602.eml
2392,TRAIN_01603.eml
2447,TRAIN_01604.eml
3520,TRAIN_01605.eml
1007,TRAIN_01606.eml
1066,TRAIN_01607.eml
1459,TRAIN_01608.eml
4044,TRAIN_01609.eml
2063,TRAIN_01610.eml
6779,TRAIN_01611.eml
10608,TRAIN_01612.eml
7623,TRAIN_01613.eml
8515,TRAIN_01614.eml
5978,TRAIN_01615.eml
7077,TRAIN_01616.eml
1142,TRAIN_01617.eml
12182,TRAIN_01618.eml
1339,TRAIN_01619.eml
2477,TRAIN_01620.eml
3946,TRAIN_01621.eml
3992,TRAIN_01622.eml
13544,TRAIN_01623.eml
5601,TRAIN_01624.eml
5788,TRAIN_01625.eml
5848,TRAIN_01626.eml
4066,TRAIN_01627.eml
7974,TRAIN_01628.eml
6186,TRAIN_01629.eml
7520,TRAIN_01630.eml
6578,TRAIN_01631.eml
4595,TRAIN_01632.eml
10682,TRAIN_01633.eml
6060,TRAIN_01634.eml
3144,TRAIN_01635.eml
3295,TRAIN_01636.eml
8223,TRAIN_01637.eml
6038,TRAIN_01638.eml
6615,TRAIN_01639.eml
3571,TRAIN_01640.eml
3649,TRAIN_01641.eml
6278,TRAIN_01642.eml
3334,TRAIN_01643.eml
6700,TRAIN_01644.eml
3071,TRAIN_01645.eml
9878,TRAIN_01646.eml
4686,TRAIN_01647.eml
4936,TRAIN_01648.eml
7146,TRAIN_01649.eml
5737,TRAIN_01650.eml
3707,TRAIN_01651.eml
8271,TRAIN_01652.eml
4922,TRAIN_01653.eml
2815,TRAIN_01654.eml
6018,TRAIN_01655.eml
5760,TRAIN_01656.eml
5755,TRAIN_01657.eml
6688,TRAIN_01658.eml
5576,TRAIN_01659.eml
10633,TRAIN_01660.eml
4232,TRAIN_01661.eml
17384,TRAIN_01662.eml
4897,TRAIN_01663.eml
29587,TRAIN_01664.eml
7070,TRAIN_01665.eml
2541,TRAIN_01666.eml
10392,TRAIN_01667.eml
1487,TRAIN_01668.eml
6962,TRAIN_01669.eml
4883,TRAIN_01670.eml
4025,TRAIN_01671.eml
2860,TRAIN_01672.eml
3342,TRAIN_01673.eml
7388,TRAIN_01674.eml
1683,TRAIN_01675.eml
12537,TRAIN_01676.eml
2220,TRAIN_01677.eml
13111,TRAIN_01678.eml
47546,TRAIN_01679.eml
5898,TRAIN_01680.eml
4325,TRAIN_01681.eml
3825,TRAIN_01682.eml
4232,TRAIN_01683.eml
5648,TRAIN_01684.eml
7940,TRAIN_01685.eml
6376,TRAIN_01686.eml
4148,TRAIN_01687.eml
5572,TRAIN_01688.eml
3748,TRAIN_01689.eml
4253,TRAIN_01690.eml
2770,TRAIN_01691.eml
3364,TRAIN_01692.eml
2462,TRAIN_01693.eml
5831,TRAIN_01694.eml
2950,TRAIN_01695.eml
8632,TRAIN_01696.eml
1421,TRAIN_01697.eml
26696,TRAIN_01698.eml
3390,TRAIN_01699.eml
14865,TRAIN_01700.eml
11128,TRAIN_01701.eml
3555,TRAIN_01702.eml
3621,TRAIN_01703.eml
4378,TRAIN_01704.eml
8623,TRAIN_01705.eml
4134,TRAIN_01706.eml
4303,TRAIN_01707.eml
8525,TRAIN_01708.eml
4835,TRAIN_01709.eml
5803,TRAIN_01710.eml
5446,TRAIN_01711.eml
3398,TRAIN_01712.eml
7069,TRAIN_01713.eml
3571,TRAIN_01714.eml
5259,TRAIN_01715.eml
9494,TRAIN_01716.eml
4895,TRAIN_01717.eml
1174,TRAIN_01718.eml
10004,TRAIN_01719.eml
4178,TRAIN_01720.eml
5555,TRAIN_01721.eml
1172,TRAIN_01722.eml
3683,TRAIN_01723.eml
13205,TRAIN_01724.eml
5524,TRAIN_01725.eml
7028,TRAIN_01726.eml
1107,TRAIN_01727.eml
3673,TRAIN_01728.eml
4551,TRAIN_01729.eml
11611,TRAIN_01730.eml
5268,TRAIN_01731.eml
5152,TRAIN_01732.eml
1305,TRAIN_01733.eml
4590,TRAIN_01734.eml
15690,TRAIN_01735.eml
6099,TRAIN_01736.eml
3417,TRAIN_01737.eml
3202,TRAIN_01738.eml
16335,TRAIN_01739.eml
6781,TRAIN_01740.eml
6656,TRAIN_01741.eml
4510,TRAIN_01742.eml
4628,TRAIN_01743.eml
2021,TRAIN_01744.eml
22602,TRAIN_01745.eml
5779,TRAIN_01746.eml
16735,TRAIN_01747.eml
2903,TRAIN_01748.eml
6314,TRAIN_01749.eml
1113,TRAIN_01750.eml
1215,TRAIN_01751.eml
2604,TRAIN_01752.eml
6896,TRAIN_01753.eml
8784,TRAIN_01754.eml
3920,TRAIN_01755.eml
5333,TRAIN_01756.eml
5401,TRAIN_01757.eml
4220,TRAIN_01758.eml
2589,TRAIN_01759.eml
6725,TRAIN_01760.eml
1228,TRAIN_01761.eml
1184,TRAIN_01762.eml
4562,TRAIN_01763.eml
1872,TRAIN_01764.eml
5663,TRAIN_01765.eml
1719,TRAIN_01766.eml
3176,TRAIN_01767.eml
1663,TRAIN_01768.eml
6753,TRAIN_01769.eml
1017,TRAIN_01770.eml
7370,TRAIN_01771.eml
6739,TRAIN_01772.eml
3886,TRAIN_01773.eml
1100,TRAIN_01774.eml
4742,TRAIN_01775.eml
7843,TRAIN_01776.eml
10608,TRAIN_01777.eml
5091,TRAIN_01778.eml
3224,TRAIN_01779.eml
2569,TRAIN_01780.eml
1418,TRAIN_01781.eml
6167,TRAIN_01782.eml
4971,TRAIN_01783.eml
3215,TRAIN_01784.eml
6136,TRAIN_01785.eml
3648,TRAIN_01786.eml
21131,TRAIN_01787.eml
2814,TRAIN_01788.eml
3273,TRAIN_01789.eml
11638,TRAIN_01790.eml
5885,TRAIN_01791.eml
4366,TRAIN_01792.eml
5082,TRAIN_01793.eml
6288,TRAIN_01794.eml
1637,TRAIN_01795.eml
7674,TRAIN_01796.eml
7759,TRAIN_01797.eml
4322,TRAIN_01798.eml
6285,TRAIN_01799.eml
1562,TRAIN_01800.eml
5908,TRAIN_01801.eml
4380,TRAIN_01802.eml
1254,TRAIN_01803.eml
1704,TRAIN_01804.eml
3588,TRAIN_01805.eml
3069,TRAIN_01806.eml
9632,TRAIN_01807.eml
36040,TRAIN_01808.eml
2227,TRAIN_01809.eml
6732,TRAIN_01810.eml
11165,TRAIN_01811.eml
9689,TRAIN_01812.eml
4424,TRAIN_01813.eml
2449,TRAIN_01814.eml
3029,TRAIN_01815.eml
6039,TRAIN_01816.eml
1066,TRAIN_01817.eml
10804,TRAIN_01818.eml
4501,TRAIN_01819.eml
6914,TRAIN_01820.eml
7700,TRAIN_01821.eml
2210,TRAIN_01822.eml
5860,TRAIN_01823.eml
5619,TRAIN_01824.eml
6256,TRAIN_01825.eml
3719,TRAIN_01826.eml
3224,TRAIN_01827.eml
9194,TRAIN_01828.eml
6102,TRAIN_01829.eml
5675,TRAIN_01830.eml
6000,TRAIN_01831.eml
5625,TRAIN_01832.eml
7209,TRAIN_01833.eml
8588,TRAIN_01834.eml
2286,TRAIN_01835.eml
2666,TRAIN_01836.eml
3623,TRAIN_01837.eml
7205,TRAIN_01838.eml
3092,TRAIN_01839.eml
6465,TRAIN_01840.eml
6999,TRAIN_01841.eml
4404,TRAIN_01842.eml
2906,TRAIN_01843.eml
5918,TRAIN_01844.eml
6735,TRAIN_01845.eml
6336,TRAIN_01846.eml
3120,TRAIN_01847.eml
4627,TRAIN_01848.eml
4113,TRAIN_01849.eml
6650,TRAIN_01850.eml
4519,TRAIN_01851.eml
5397,TRAIN_01852.eml
5637,TRAIN_01853.eml
8048,TRAIN_01854.eml
4641,TRAIN_01855.eml
5572,TRAIN_01856.eml
7134,TRAIN_01857.eml
3619,TRAIN_01858.eml
31209,TRAIN_01859.eml
3997,TRAIN_01860.eml
2575,TRAIN_01861.eml
5931,TRAIN_01862.eml
6667,TRAIN_01863.eml
2312,TRAIN_01864.eml
2859,TRAIN_01865.eml
4455,TRAIN_01866.eml
5371,TRAIN_01867.eml
5414,TRAIN_01868.eml
7254,TRAIN_01869.eml
4095,TRAIN_01870.eml
1153,TRAIN_01871.eml
6813,TRAIN_01872.eml
5416,TRAIN_01873.eml
6394,TRAIN_01874.eml
5802,TRAIN_01875.eml
27791,TRAIN_01876.eml
6773,TRAIN_01877.eml
6677,TRAIN_01878.eml
8430,TRAIN_01879.eml
7442,TRAIN_01880.eml
5324,TRAIN_01881.eml
3217,TRAIN_01882.eml
3366,TRAIN_01883.eml
3761,TRAIN_01884.eml
5693,TRAIN_01885.eml
6603,TRAIN_01886.eml
2937,TRAIN_01887.eml
7979,TRAIN_01888.eml
7540,TRAIN_01889.eml
30673,TRAIN_01890.eml
7593,TRAIN_01891.eml
25193,TRAIN_01892.eml
6706,TRAIN_01893.eml
5564,TRAIN_01894.eml
6634,TRAIN_01895.eml
6748,TRAIN_01896.eml
11938,TRAIN_01897.eml
5369,TRAIN_01898.eml
1817,TRAIN_01899.eml
7535,TRAIN_01900.eml
1098,TRAIN_01901.eml
4497,TRAIN_01902.eml
10008,TRAIN_01903.eml
6209,TRAIN_01904.eml
3934,TRAIN_01905.eml
1205,TRAIN_01906.eml
11454,TRAIN_01907.eml
4861,TRAIN_01908.eml
6249,TRAIN_01909.eml
6068,TRAIN_01910.eml
2386,TRAIN_01911.eml
6741,TRAIN_01912.eml
4020,TRAIN_01913.eml
1206,TRAIN_01914.eml
1120,TRAIN_01915.eml
5433,TRAIN_01916.eml
5445,TRAIN_01917.eml
5604,TRAIN_01918.eml
3104,TRAIN_01919.eml
6407,TRAIN_01920.eml
5112,TRAIN_01921.eml
3658,TRAIN_01922.eml
1463,TRAIN_01923.eml
7094,TRAIN_01924.eml
5600,TRAIN_01925.eml
10553,TRAIN_01926.eml
6007,TRAIN_01927.eml
5911,TRAIN_01928.eml
4957,TRAIN_01929.eml
5266,TRAIN_01930.eml
4059,TRAIN_01931.eml
1360,TRAIN_01932.eml
6264,TRAIN_01933.eml
32594,TRAIN_01934.eml
6578,TRAIN_01935.eml
6395,TRAIN_01936.eml
13107,TRAIN_01937.eml
3220,TRAIN_01938.eml
5544,TRAIN_01939.eml
11884,TRAIN_01940.eml
11227,TRAIN_01941.eml
5243,TRAIN_01942.eml
2642,TRAIN_01943.eml
4269,TRAIN_01944.eml
5352,TRAIN_01945.eml
7012,TRAIN_01946.eml
1627,TRAIN_01947.eml
6275,TRAIN_01948.eml
6874,TRAIN_01949.eml
4961,TRAIN_01950.eml
5312,TRAIN_01951.eml
7991,TRAIN_01952.eml
2299,TRAIN_01953.eml
10549,TRAIN_01954.eml
5559,TRAIN_01955.eml
6508,TRAIN_01956.eml
8378,TRAIN_01957.eml
3264,TRAIN_01958.eml
4151,TRAIN_01959.eml
2954,TRAIN_01960.eml
5455,TRAIN_01961.eml
1449,TRAIN_01962.eml
6240,TRAIN_01963.eml
5106,TRAIN_01964.eml
7371,TRAIN_01965.eml
2583,TRAIN_01966.eml
1413,TRAIN_01967.eml
2948,TRAIN_01968.eml
8750,TRAIN_01969.eml
3301,TRAIN_01970.eml
4887,TRAIN_01971.eml
3715,TRAIN_01972.eml
3147,TRAIN_01973.eml
5887,TRAIN_01974.eml
6407,TRAIN_01975.eml
4594,TRAIN_01976.eml
10306,TRAIN_01977.eml
5165,TRAIN_01978.eml
13389,TRAIN_01979.eml
1110,TRAIN_01980.eml
3740,TRAIN_01981.eml
4055,TRAIN_01982.eml
1203,TRAIN_01983.eml
3661,TRAIN_01984.eml
3089,TRAIN_01985.eml
3135,TRAIN_01986.eml
5401,TRAIN_01987.eml
9285,TRAIN_01988.eml
4825,TRAIN_01989.eml
2795,TRAIN_01990.eml
6334,TRAIN_01991.eml
13598,TRAIN_01992.eml
2671,TRAIN_01993.eml
3619,TRAIN_01994.eml
8436,TRAIN_01995.eml
7095,TRAIN_01996.eml
3545,TRAIN_01997.eml
3445,TRAIN_01998.eml
1147,TRAIN_01999.eml
31636,TRAIN_02000.eml
1304,TRAIN_02001.eml
4363,TRAIN_02002.eml
8162,TRAIN_02003.eml
7645,TRAIN_02004.eml
13919,TRAIN_02005.eml
3564,TRAIN_02006.eml
4211,TRAIN_02007.eml
3833,TRAIN_02008.eml
1025,TRAIN_02009.eml
2862,TRAIN_02010.eml
17370,TRAIN_02011.eml
16774,TRAIN_02012.eml
3199,TRAIN_02013.eml
5158,TRAIN_02014.eml
7612,TRAIN_02015.eml
2395,TRAIN_02016.eml
9133,TRAIN_02017.eml
5840,TRAIN_02018.eml
5438,TRAIN_02019.eml
7804,TRAIN_02020.eml
3204,TRAIN_02021.eml
17067,TRAIN_02022.eml
2030,TRAIN_02023.eml
20402,TRAIN_02024.eml
4271,TRAIN_02025.eml
2210,TRAIN_02026.eml
6012,TRAIN_02027.eml
2498,TRAIN_02028.eml
10777,TRAIN_02029.eml
2732,TRAIN_02030.eml
2867,TRAIN_02031.eml
26705,TRAIN_02032.eml
5136,TRAIN_02033.eml
13594,TRAIN_02034.eml
992,TRAIN_02035.eml
5919,TRAIN_02036.eml
3271,TRAIN_02037.eml
7362,TRAIN_02038.eml
5890,TRAIN_02039.eml
5561,TRAIN_02040.eml
7523,TRAIN_02041.eml
11065,TRAIN_02042.eml
5844,TRAIN_02043.eml
3073,TRAIN_02044.eml
17650,TRAIN_02045.eml
1416,TRAIN_02046.eml
6733,TRAIN_02047.eml
5156,TRAIN_02048.eml
5383,TRAIN_02049.eml
3546,TRAIN_02050.eml
5401,TRAIN_02051.eml
3101,TRAIN_02052.eml
1280,TRAIN_02053.eml
4596,TRAIN_02054.eml
2813,TRAIN_02055.eml
6945,TRAIN_02056.eml
7688,TRAIN_02057.eml
7015,TRAIN_02058.eml
3440,TRAIN_02059.eml
3928,TRAIN_02060.eml
33099,TRAIN_02061.eml
15943,TRAIN_02062.eml
2083,TRAIN_02063.eml
5788,TRAIN_02064.eml
5868,TRAIN_02065.eml
4869,TRAIN_02066.eml
6493,TRAIN_02067.eml
20383,TRAIN_02068.eml
8690,TRAIN_02069.eml
4584,TRAIN_02070.eml
1132,TRAIN_02071.eml
5080,TRAIN_02072.eml
6810,TRAIN_02073.eml
4876,TRAIN_02074.eml
5681,TRAIN_02075.eml
2804,TRAIN_02076.eml
5071,TRAIN_02077.eml
4491,TRAIN_02078.eml
3681,TRAIN_02079.eml
2990,TRAIN_02080.eml
14747,TRAIN_02081.eml
5047,TRAIN_02082.eml
5959,TRAIN_02083.eml
7249,TRAIN_02084.eml
4189,TRAIN_02085.eml
2885,TRAIN_02086.eml
7999,TRAIN_02087.eml
3745,TRAIN_02088.eml
1253,TRAIN_02089.eml
5663,TRAIN_02090.eml
4458,TRAIN_02091.eml
6393,TRAIN_02092.eml
5154,TRAIN_02093.eml
891,TRAIN_02094.eml
6625,TRAIN_02095.eml
7375,TRAIN_02096.eml
5197,TRAIN_02097.eml
1196,TRAIN_02098.eml
7057,TRAIN_02099.eml
7428,TRAIN_02100.eml
7874,TRAIN_02101.eml
5721,TRAIN_02102.eml
7866,TRAIN_02103.eml
7935,TRAIN_02104.eml
1290,TRAIN_02105.eml
6471,TRAIN_02106.eml
4897,TRAIN_02107.eml
1134,TRAIN_02108.eml
5238,TRAIN_02109.eml
2801,TRAIN_02110.eml
3756,TRAIN_02111.eml
6249,TRAIN_02112.eml
2985,TRAIN_02113.eml
5477,TRAIN_02114.eml
8596,TRAIN_02115.eml
7022,TRAIN_02116.eml
31672,TRAIN_02117.eml
11399,TRAIN_02118.eml
3041,TRAIN_02119.eml
6646,TRAIN_02120.eml
1738,TRAIN_02121.eml
5597,TRAIN_02122.eml
4179,TRAIN_02123.eml
4643,TRAIN_02124.eml
11192,TRAIN_02125.eml
4842,TRAIN_02126.eml
5020,TRAIN_02127.eml
6143,TRAIN_02128.eml
3253,TRAIN_02129.eml
2794,TRAIN_02130.eml
1152,TRAIN_02131.eml
7022,TRAIN_02132.eml
6803,TRAIN_02133.eml
4853,TRAIN_02134.eml
3444,TRAIN_02135.eml
3221,TRAIN_02136.eml
3232,TRAIN_02137.eml
5518,TRAIN_02138.eml
4075,TRAIN_02139.eml
5762,TRAIN_02140.eml
5181,TRAIN_02141.eml
2949,TRAIN_02142.eml
5678,TRAIN_02143.eml
1173,TRAIN_02144.eml
2040,TRAIN_02145.eml
6159,TRAIN_02146.eml
4382,TRAIN_02147.eml
6053,TRAIN_02148.eml
5459,TRAIN_02149.eml
1375,TRAIN_02150.eml
13158,TRAIN_02151.eml
3702,TRAIN_02152.eml
4900,TRAIN_02153.eml
1823,TRAIN_02154.eml
5345,TRAIN_02155.eml
5690,TRAIN_02156.eml
5774,TRAIN_02157.eml
6059,TRAIN_02158.eml
2817,TRAIN_02159.eml
5165,TRAIN_02160.eml
3275,TRAIN_02161.eml
20457,TRAIN_02162.eml
5781,TRAIN_02163.eml
8335,TRAIN_02164.eml
3627,TRAIN_02165.eml
4871,TRAIN_02166.eml
4510,TRAIN_02167.eml
4970,TRAIN_02168.eml
3018,TRAIN_02169.eml
6284,TRAIN_02170.eml
6800,TRAIN_02171.eml
3697,TRAIN_02172.eml
11886,TRAIN_02173.eml
6193,TRAIN_02174.eml
6701,TRAIN_02175.eml
2555,TRAIN_02176.eml
1310,TRAIN_02177.eml
7933,TRAIN_02178.eml
7120,TRAIN_02179.eml
6288,TRAIN_02180.eml
4287,TRAIN_02181.eml
6675,TRAIN_02182.eml
31324,TRAIN_02183.eml
7034,TRAIN_02184.eml
7488,TRAIN_02185.eml
7424,TRAIN_02186.eml
1588,TRAIN_02187.eml
3101,TRAIN_02188.eml
8215,TRAIN_02189.eml
5538,TRAIN_02190.eml
2575,TRAIN_02191.eml
5972,TRAIN_02192.eml
8281,TRAIN_02193.eml
5349,TRAIN_02194.eml
3101,TRAIN_02195.eml
5432,TRAIN_02196.eml
1057,TRAIN_02197.eml
11029,TRAIN_02198.eml
5216,TRAIN_02199.eml
15323,TRAIN_02200.eml
9894,TRAIN_02201.eml
12615,TRAIN_02202.eml
4500,TRAIN_02203.eml
3062,TRAIN_02204.eml
3487,TRAIN_02205.eml
1603,TRAIN_02206.eml
5070,TRAIN_02207.eml
7575,TRAIN_02208.eml
5097,TRAIN_02209.eml
6806,TRAIN_02210.eml
5917,TRAIN_02211.eml
4773,TRAIN_02212.eml
7435,TRAIN_02213.eml
8769,TRAIN_02214.eml
4585,TRAIN_02215.eml
1100,TRAIN_02216.eml
2533,TRAIN_02217.eml
6124,TRAIN_02218.eml
5156,TRAIN_02219.eml
2837,TRAIN_02220.eml
5653,TRAIN_02221.eml
7439,TRAIN_02222.eml
3257,TRAIN_02223.eml
6675,TRAIN_02224.eml
3640,TRAIN_02225.eml
3806,TRAIN_02226.eml
2870,TRAIN_02227.eml
6403,TRAIN_02228.eml
2764,TRAIN_02229.eml
5081,TRAIN_02230.eml
5624,TRAIN_02231.eml
3990,TRAIN_02232.eml
2416,TRAIN_02233.eml
4840,TRAIN_02234.eml
2499,TRAIN_02235.eml
11569,TRAIN_02236.eml
6031,TRAIN_02237.eml
2888,TRAIN_02238.eml
5586,TRAIN_02239.eml
2341,TRAIN_02240.eml
1168,TRAIN_02241.eml
5375,TRAIN_02242.eml
2075,TRAIN_02243.eml
3022,TRAIN_02244.eml
6207,TRAIN_02245.eml
3657,TRAIN_02246.eml
4511,TRAIN_02247.eml
2708,TRAIN_02248.eml
5186,TRAIN_02249.eml
5853,TRAIN_02250.eml
12525,TRAIN_02251.eml
2466,TRAIN_02252.eml
3866,TRAIN_02253.eml
6201,TRAIN_02254.eml
2446,TRAIN_02255.eml
5226,TRAIN_02256.eml
7180,TRAIN_02257.eml
7988,TRAIN_02258.eml
3571,TRAIN_02259.eml
3927,TRAIN_02260.eml
5393,TRAIN_02261.eml
3401,TRAIN_02262.eml
4501,TRAIN_02263.eml
2038,TRAIN_02264.eml
4462,TRAIN_02265.eml
7587,TRAIN_02266.eml
3134,TRAIN_02267.eml
3093,TRAIN_02268.eml
2848,TRAIN_02269.eml
4292,TRAIN_02270.eml
3075,TRAIN_02271.eml
3952,TRAIN_02272.eml
6442,TRAIN_02273.eml
1149,TRAIN_02274.eml
1089,TRAIN_02275.eml
5186,TRAIN_02276.eml
5285,TRAIN_02277.eml
4610,TRAIN_02278.eml
5293,TRAIN_02279.eml
2899,TRAIN_02280.eml
19132,TRAIN_02281.eml
3221,TRAIN_02282.eml
2533,TRAIN_02283.eml
4505,TRAIN_02284.eml
7928,TRAIN_02285.eml
7938,TRAIN_02286.eml
3676,TRAIN_02287.eml
5691,TRAIN_02288.eml
6750,TRAIN_02289.eml
3742,TRAIN_02290.eml
6346,TRAIN_02291.eml
6483,TRAIN_02292.eml
7664,TRAIN_02293.eml
10676,TRAIN_02294.eml
5444,TRAIN_02295.eml
3726,TRAIN_02296.eml
4721,TRAIN_02297.eml
5508,TRAIN_02298.eml
1060,TRAIN_02299.eml
7697,TRAIN_02300.eml
6056,TRAIN_02301.eml
12977,TRAIN_02302.eml
5806,TRAIN_02303.eml
6494,TRAIN_02304.eml
6493,TRAIN_02305.eml
1058,TRAIN_02306.eml
10264,TRAIN_02307.eml
4753,TRAIN_02308.eml
1112,TRAIN_02309.eml
10295,TRAIN_02310.eml
8897,TRAIN_02311.eml
29562,TRAIN_02312.eml
4284,TRAIN_02313.eml
6266,TRAIN_02314.eml
3109,TRAIN_02315.eml
6015,TRAIN_02316.eml
6598,TRAIN_02317.eml
5449,TRAIN_02318.eml
3052,TRAIN_02319.eml
1353,TRAIN_02320.eml
4479,TRAIN_02321.eml
1857,TRAIN_02322.eml
2806,TRAIN_02323.eml
2585,TRAIN_02324.eml
2534,TRAIN_02325.eml
7382,TRAIN_02326.eml
7716,TRAIN_02327.eml
6040,TRAIN_02328.eml
4736,TRAIN_02329.eml
2953,TRAIN_02330.eml
5667,TRAIN_02331.eml
8698,TRAIN_02332.eml
1689,TRAIN_02333.eml
16276,TRAIN_02334.eml
8490,TRAIN_02335.eml
10045,TRAIN_02336.eml
3971,TRAIN_02337.eml
103965,TRAIN_02338.eml
5650,TRAIN_02339.eml
6802,TRAIN_02340.eml
3068,TRAIN_02341.eml
6140,TRAIN_02342.eml
3431,TRAIN_02343.eml
5252,TRAIN_02344.eml
5834,TRAIN_02345.eml
5954,TRAIN_02346.eml
9865,TRAIN_02347.eml
6397,TRAIN_02348.eml
3780,TRAIN_02349.eml
1640,TRAIN_02350.eml
1220,TRAIN_02351.eml
4306,TRAIN_02352.eml
5596,TRAIN_02353.eml
3267,TRAIN_02354.eml
7590,TRAIN_02355.eml
1531,TRAIN_02356.eml
2485,TRAIN_02357.eml
4877,TRAIN_02358.eml
6940,TRAIN_02359.eml
4052,TRAIN_02360.eml
3191,TRAIN_02361.eml
6255,TRAIN_02362.eml
1698,TRAIN_02363.eml
10344,TRAIN_02364.eml
5384,TRAIN_02365.eml
6158,TRAIN_02366.eml
3475,TRAIN_02367.eml
5518,TRAIN_02368.eml
1574,TRAIN_02369.eml
4192,TRAIN_02370.eml
2802,TRAIN_02371.eml
1491,TRAIN_02372.eml
2749,TRAIN_02373.eml
3578,TRAIN_02374.eml
3134,TRAIN_02375.eml
2914,TRAIN_02376.eml
5277,TRAIN_02377.eml
5542,TRAIN_02378.eml
6820,TRAIN_02379.eml
700,TRAIN_02380.eml
2861,TRAIN_02381.eml
3123,TRAIN_02382.eml
2587,TRAIN_02383.eml
27067,TRAIN_02384.eml
4806,TRAIN_02385.eml
3620,TRAIN_02386.eml
11072,TRAIN_02387.eml
7257,TRAIN_02388.eml
3383,TRAIN_02389.eml
9210,TRAIN_02390.eml
7650,TRAIN_02391.eml
5769,TRAIN_02392.eml
6226,TRAIN_02393.eml
110548,TRAIN_02394.eml
1513,TRAIN_02395.eml
6081,TRAIN_02396.eml
4868,TRAIN_02397.eml
3045,TRAIN_02398.eml
5457,TRAIN_02399.eml
6997,TRAIN_02400.eml
3771,TRAIN_02401.eml
127222,TRAIN_02402.eml
2675,TRAIN_02403.eml
8172,TRAIN_02404.eml
5442,TRAIN_02405.eml
4427,TRAIN_02406.eml
5414,TRAIN_02407.eml
2870,TRAIN_02408.eml
1184,TRAIN_02409.eml
2938,TRAIN_02410.eml
4754,TRAIN_02411.eml
2556,TRAIN_02412.eml
7059,TRAIN_02413.eml
6803,TRAIN_02414.eml
4818,TRAIN_02415.eml
3841,TRAIN_02416.eml
10255,TRAIN_02417.eml
5000,TRAIN_02418.eml
5619,TRAIN_02419.eml
11199,TRAIN_02420.eml
6393,TRAIN_02421.eml
5697,TRAIN_02422.eml
1223,TRAIN_02423.eml
2737,TRAIN_02424.eml
4874,TRAIN_02425.eml
1349,TRAIN_02426.eml
8039,TRAIN_02427.eml
1300,TRAIN_02428.eml
6353,TRAIN_02429.eml
3868,TRAIN_02430.eml
7940,TRAIN_02431.eml
10373,TRAIN_02432.eml
4437,TRAIN_02433.eml
2187,TRAIN_02434.eml
5477,TRAIN_02435.eml
1210,TRAIN_02436.eml
10113,TRAIN_02437.eml
2889,TRAIN_02438.eml
5966,TRAIN_02439.eml
1170,TRAIN_02440.eml
8043,TRAIN_02441.eml
6412,TRAIN_02442.eml
9015,TRAIN_02443.eml
7122,TRAIN_02444.eml
12450,TRAIN_02445.eml
11044,TRAIN_02446.eml
4440,TRAIN_02447.eml
1053,TRAIN_02448.eml
7385,TRAIN_02449.eml
4343,TRAIN_02450.eml
5578,TRAIN_02451.eml
3209,TRAIN_02452.eml
3479,TRAIN_02453.eml
3820,TRAIN_02454.eml
24606,TRAIN_02455.eml
6739,TRAIN_02456.eml
17658,TRAIN_02457.eml
6196,TRAIN_02458.eml
6822,TRAIN_02459.eml
6625,TRAIN_02460.eml
3532,TRAIN_02461.eml
3594,TRAIN_02462.eml
9803,TRAIN_02463.eml
4587,TRAIN_02464.eml
6886,TRAIN_02465.eml
1576,TRAIN_02466.eml
7305,TRAIN_02467.eml
2580,TRAIN_02468.eml
5485,TRAIN_02469.eml
6258,TRAIN_02470.eml
1103,TRAIN_02471.eml
2007,TRAIN_02472.eml
5904,TRAIN_02473.eml
6950,TRAIN_02474.eml
1595,TRAIN_02475.eml
4815,TRAIN_02476.eml
3161,TRAIN_02477.eml
6195,TRAIN_02478.eml
3607,TRAIN_02479.eml
7898,TRAIN_02480.eml
5443,TRAIN_02481.eml
7725,TRAIN_02482.eml
6962,TRAIN_02483.eml
7116,TRAIN_02484.eml
1131,TRAIN_02485.eml
3774,TRAIN_02486.eml
5185,TRAIN_02487.eml
7941,TRAIN_02488.eml
9227,TRAIN_02489.eml
6988,TRAIN_02490.eml
8776,TRAIN_02491.eml
5379,TRAIN_02492.eml
7066,TRAIN_02493.eml
2052,TRAIN_02494.eml
7474,TRAIN_02495.eml
3981,TRAIN_02496.eml
3690,TRAIN_02497.eml
1274,TRAIN_02498.eml
3081,TRAIN_02499.eml
2195,TRAIN_02500.eml
7743,TRAIN_02501.eml
21507,TRAIN_02502.eml
1235,TRAIN_02503.eml
7790,TRAIN_02504.eml
6461,TRAIN_02505.eml
4180,TRAIN_02506.eml
6803,TRAIN_02507.eml
1160,TRAIN_02508.eml
3760,TRAIN_02509.eml
5918,TRAIN_02510.eml
1405,TRAIN_02511.eml
6740,TRAIN_02512.eml
6161,TRAIN_02513.eml
3158,TRAIN_02514.eml
4855,TRAIN_02515.eml
3008,TRAIN_02516.eml
1316,TRAIN_02517.eml
1201,TRAIN_02518.eml
3250,TRAIN_02519.eml
6679,TRAIN_02520.eml
3825,TRAIN_02521.eml
2114,TRAIN_02522.eml
4443,TRAIN_02523.eml
4740,TRAIN_02524.eml
1426,TRAIN_02525.eml
7308,TRAIN_02526.eml
16364,TRAIN_02527.eml
10445,TRAIN_02528.eml
4514,TRAIN_02529.eml
4514,TRAIN_02530.eml
5715,TRAIN_02531.eml
3189,TRAIN_02532.eml
2292,TRAIN_02533.eml
8800,TRAIN_02534.eml
7260,TRAIN_02535.eml
1625,TRAIN_02536.eml
1916,TRAIN_02537.eml
6190,TRAIN_02538.eml
7609,TRAIN_02539.eml
4284,TRAIN_02540.eml
1089,TRAIN_02541.eml
4422,TRAIN_02542.eml
11178,TRAIN_02543.eml
4496,TRAIN_02544.eml
6533,TRAIN_02545.eml
4587,TRAIN_02546.eml
4014,TRAIN_02547.eml
5531,TRAIN_02548.eml
4085,TRAIN_02549.eml
2832,TRAIN_02550.eml
2206,TRAIN_02551.eml
11654,TRAIN_02552.eml
1100,TRAIN_02553.eml
4242,TRAIN_02554.eml
3453,TRAIN_02555.eml
7655,TRAIN_02556.eml
6314,TRAIN_02557.eml
5265,TRAIN_02558.eml
16242,TRAIN_02559.eml
2726,TRAIN_02560.eml
3693,TRAIN_02561.eml
14506,TRAIN_02562.eml
8815,TRAIN_02563.eml
2843,TRAIN_02564.eml
6774,TRAIN_02565.eml
7997,TRAIN_02566.eml
6189,TRAIN_02567.eml
3586,TRAIN_02568.eml
7678,TRAIN_02569.eml
2607,TRAIN_02570.eml
6657,TRAIN_02571.eml
5263,TRAIN_02572.eml
16139,TRAIN_02573.eml
4106,TRAIN_02574.eml
5684,TRAIN_02575.eml
3815,TRAIN_02576.eml
2454,TRAIN_02577.eml
2052,TRAIN_02578.eml
8329,TRAIN_02579.eml
2560,TRAIN_02580.eml
7578,TRAIN_02581.eml
6113,TRAIN_02582.eml
1065,TRAIN_02583.eml
6946,TRAIN_02584.eml
10549,TRAIN_02585.eml
6490,TRAIN_02586.eml
3958,TRAIN_02587.eml
4255,TRAIN_02588.eml
1856,TRAIN_02589.eml
10465,TRAIN_02590.eml
4876,TRAIN_02591.eml
3536,TRAIN_02592.eml
5914,TRAIN_02593.eml
5114,TRAIN_02594.eml
6893,TRAIN_02595.eml
18591,TRAIN_02596.eml
5005,TRAIN_02597.eml
9563,TRAIN_02598.eml
12870,TRAIN_02599.eml
3446,TRAIN_02600.eml
5644,TRAIN_02601.eml
6333,TRAIN_02602.eml
6345,TRAIN_02603.eml
5465,TRAIN_02604.eml
10777,TRAIN_02605.eml
60740,TRAIN_02606.eml
5399,TRAIN_02607.eml
6192,TRAIN_02608.eml
3792,TRAIN_02609.eml
6809,TRAIN_02610.eml
3869,TRAIN_02611.eml
9797,TRAIN_02612.eml
13122,TRAIN_02613.eml
1365,TRAIN_02614.eml
1995,TRAIN_02615.eml
5095,TRAIN_02616.eml
3000,TRAIN_02617.eml
2819,TRAIN_02618.eml
4671,TRAIN_02619.eml
7473,TRAIN_02620.eml
5361,TRAIN_02621.eml
8331,TRAIN_02622.eml
10537,TRAIN_02623.eml
3214,TRAIN_02624.eml
5675,TRAIN_02625.eml
3577,TRAIN_02626.eml
5780,TRAIN_02627.eml
7543,TRAIN_02628.eml
7851,TRAIN_02629.eml
6328,TRAIN_02630.eml
2862,TRAIN_02631.eml
5356,TRAIN_02632.eml
1741,TRAIN_02633.eml
5707,TRAIN_02634.eml
2470,TRAIN_02635.eml
3748,TRAIN_02636.eml
4339,TRAIN_02637.eml
5403,TRAIN_02638.eml
4813,TRAIN_02639.eml
6509,TRAIN_02640.eml
2954,TRAIN_02641.eml
1822,TRAIN_02642.eml
1407,TRAIN_02643.eml
2072,TRAIN_02644.eml
6351,TRAIN_02645.eml
3867,TRAIN_02646.eml
6415,TRAIN_02647.eml
16177,TRAIN_02648.eml
8624,TRAIN_02649.eml
5200,TRAIN_02650.eml
3147,TRAIN_02651.eml
72930,TRAIN_02652.eml
5906,TRAIN_02653.eml
4293,TRAIN_02654.eml
4850,TRAIN_02655.eml
3538,TRAIN_02656.eml
4958,TRAIN_02657.eml
2540,TRAIN_02658.eml
4800,TRAIN_02659.eml
5071,TRAIN_02660.eml
23137,TRAIN_02661.eml
2125,TRAIN_02662.eml
7229,TRAIN_02663.eml
2209,TRAIN_02664.eml
3211,TRAIN_02665.eml
3203,TRAIN_02666.eml
4389,TRAIN_02667.eml
1798,TRAIN_02668.eml
6157,TRAIN_02669.eml
5809,TRAIN_02670.eml
7083,TRAIN_02671.eml
2766,TRAIN_02672.eml
4341,TRAIN_02673.eml
2357,TRAIN_02674.eml
4299,TRAIN_02675.eml
11702,TRAIN_02676.eml
3534,TRAIN_02677.eml
4790,TRAIN_02678.eml
15105,TRAIN_02679.eml
6604,TRAIN_02680.eml
2248,TRAIN_02681.eml
2970,TRAIN_02682.eml
3940,TRAIN_02683.eml
22558,TRAIN_02684.eml
7324,TRAIN_02685.eml
3179,TRAIN_02686.eml
2022,TRAIN_02687.eml
9860,TRAIN_02688.eml
3338,TRAIN_02689.eml
1967,TRAIN_02690.eml
5646,TRAIN_02691.eml
10041,TRAIN_02692.eml
2033,TRAIN_02693.eml
3240,TRAIN_02694.eml
5171,TRAIN_02695.eml
4308,TRAIN_02696.eml
1127,TRAIN_02697.eml
9025,TRAIN_02698.eml
5834,TRAIN_02699.eml
4585,TRAIN_02700.eml
3999,TRAIN_02701.eml
12762,TRAIN_02702.eml
5207,TRAIN_02703.eml
10021,TRAIN_02704.eml
24535,TRAIN_02705.eml
5784,TRAIN_02706.eml
8283,TRAIN_02707.eml
5301,TRAIN_02708.eml
3767,TRAIN_02709.eml
5736,TRAIN_02710.eml
5265,TRAIN_02711.eml
12416,TRAIN_02712.eml
5892,TRAIN_02713.eml
5440,TRAIN_02714.eml
6845,TRAIN_02715.eml
3883,TRAIN_02716.eml
5377,TRAIN_02717.eml
2196,TRAIN_02718.eml
7465,TRAIN_02719.eml
7176,TRAIN_02720.eml
4120,TRAIN_02721.eml
6190,TRAIN_02722.eml
6158,TRAIN_02723.eml
5423,TRAIN_02724.eml
2089,TRAIN_02725.eml
2327,TRAIN_02726.eml
1185,TRAIN_02727.eml
7434,TRAIN_02728.eml
2343,TRAIN_02729.eml
2713,TRAIN_02730.eml
1611,TRAIN_02731.eml
1087,TRAIN_02732.eml
3812,TRAIN_02733.eml
1188,TRAIN_02734.eml
3748,TRAIN_02735.eml
6591,TRAIN_02736.eml
4525,TRAIN_02737.eml
1356,TRAIN_02738.eml
9041,TRAIN_02739.eml
2572,TRAIN_02740.eml
1754,TRAIN_02741.eml
6959,TRAIN_02742.eml
43546,TRAIN_02743.eml
5740,TRAIN_02744.eml
16702,TRAIN_02745.eml
3616,TRAIN_02746.eml
4608,TRAIN_02747.eml
1163,TRAIN_02748.eml
4239,TRAIN_02749.eml
1083,TRAIN_02750.eml
6386,TRAIN_02751.eml
2305,TRAIN_02752.eml
8438,TRAIN_02753.eml
5368,TRAIN_02754.eml
2112,TRAIN_02755.eml
4136,TRAIN_02756.eml
2188,TRAIN_02757.eml
3418,TRAIN_02758.eml
3902,TRAIN_02759.eml
6876,TRAIN_02760.eml
8210,TRAIN_02761.eml
3075,TRAIN_02762.eml
2590,TRAIN_02763.eml
2619,TRAIN_02764.eml
6895,TRAIN_02765.eml
7734,TRAIN_02766.eml
7501,TRAIN_02767.eml
2466,TRAIN_02768.eml
7411,TRAIN_02769.eml
3402,TRAIN_02770.eml
8794,TRAIN_02771.eml
2280,TRAIN_02772.eml
1138,TRAIN_02773.eml
2601,TRAIN_02774.eml
5753,TRAIN_02775.eml
3096,TRAIN_02776.eml
4571,TRAIN_02777.eml
3288,TRAIN_02778.eml
6504,TRAIN_02779.eml
3589,TRAIN_02780.eml
2762,TRAIN_02781.eml
7231,TRAIN_02782.eml
4062,TRAIN_02783.eml
3178,TRAIN_02784.eml
2942,TRAIN_02785.eml
2797,TRAIN_02786.eml
15224,TRAIN_02787.eml
5178,TRAIN_02788.eml
2073,TRAIN_02789.eml
4251,TRAIN_02790.eml
2405,TRAIN_02791.eml
1196,TRAIN_02792.eml
4565,TRAIN_02793.eml
3014,TRAIN_02794.eml
10245,TRAIN_02795.eml
3886,TRAIN_02796.eml
5957,TRAIN_02797.eml
1986,TRAIN_02798.eml
48403,TRAIN_02799.eml
5830,TRAIN_02800.eml
5669,TRAIN_02801.eml
4856,TRAIN_02802.eml
3599,TRAIN_02803.eml
5399,TRAIN_02804.eml
5964,TRAIN_02805.eml
11411,TRAIN_02806.eml
6787,TRAIN_02807.eml
5631,TRAIN_02808.eml
1130,TRAIN_02809.eml
5027,TRAIN_02810.eml
7177,TRAIN_02811.eml
2222,TRAIN_02812.eml
3948,TRAIN_02813.eml
2529,TRAIN_02814.eml
3586,TRAIN_02815.eml
3435,TRAIN_02816.eml
6042,TRAIN_02817.eml
10057,TRAIN_02818.eml
4399,TRAIN_02819.eml
5933,TRAIN_02820.eml
6254,TRAIN_02821.eml
8910,TRAIN_02822.eml
6354,TRAIN_02823.eml
1219,TRAIN_02824.eml
19690,TRAIN_02825.eml
3343,TRAIN_02826.eml
5716,TRAIN_02827.eml
7218,TRAIN_02828.eml
3249,TRAIN_02829.eml
3696,TRAIN_02830.eml
3431,TRAIN_02831.eml
3276,TRAIN_02832.eml
7165,TRAIN_02833.eml
1382,TRAIN_02834.eml
2210,TRAIN_02835.eml
3379,TRAIN_02836.eml
3648,TRAIN_02837.eml
7677,TRAIN_02838.eml
9137,TRAIN_02839.eml
2720,TRAIN_02840.eml
3586,TRAIN_02841.eml
3321,TRAIN_02842.eml
7867,TRAIN_02843.eml
13034,TRAIN_02844.eml
8995,TRAIN_02845.eml
5137,TRAIN_02846.eml
4367,TRAIN_02847.eml
5134,TRAIN_02848.eml
2697,TRAIN_02849.eml
11540,TRAIN_02850.eml
7299,TRAIN_02851.eml
3777,TRAIN_02852.eml
10160,TRAIN_02853.eml
2320,TRAIN_02854.eml
8274,TRAIN_02855.eml
4591,TRAIN_02856.eml
4218,TRAIN_02857.eml
6948,TRAIN_02858.eml
5238,TRAIN_02859.eml
3996,TRAIN_02860.eml
4155,TRAIN_02861.eml
3018,TRAIN_02862.eml
2843,TRAIN_02863.eml
1151,TRAIN_02864.eml
1939,TRAIN_02865.eml
5663,TRAIN_02866.eml
5147,TRAIN_02867.eml
7189,TRAIN_02868.eml
4182,TRAIN_02869.eml
5233,TRAIN_02870.eml
6615,TRAIN_02871.eml
1127,TRAIN_02872.eml
5658,TRAIN_02873.eml
8292,TRAIN_02874.eml
5913,TRAIN_02875.eml
13479,TRAIN_02876.eml
3245,TRAIN_02877.eml
5219,TRAIN_02878.eml
9429,TRAIN_02879.eml
4560,TRAIN_02880.eml
1072,TRAIN_02881.eml
6960,TRAIN_02882.eml
7472,TRAIN_02883.eml
3169,TRAIN_02884.eml
2472,TRAIN_02885.eml
2070,TRAIN_02886.eml
5807,TRAIN_02887.eml
5666,TRAIN_02888.eml
2453,TRAIN_02889.eml
7141,TRAIN_02890.eml
5553,TRAIN_02891.eml
13133,TRAIN_02892.eml
2129,TRAIN_02893.eml
7145,TRAIN_02894.eml
4964,TRAIN_02895.eml
4805,TRAIN_02896.eml
3902,TRAIN_02897.eml
5739,TRAIN_02898.eml
4617,TRAIN_02899.eml
2824,TRAIN_02900.eml
4509,TRAIN_02901.eml
11584,TRAIN_02902.eml
5672,TRAIN_02903.eml
3946,TRAIN_02904.eml
8074,TRAIN_02905.eml
6014,TRAIN_02906.eml
1029,TRAIN_02907.eml
2487,TRAIN_02908.eml
2602,TRAIN_02909.eml
7009,TRAIN_02910.eml
3653,TRAIN_02911.eml
1363,TRAIN_02912.eml
1182,TRAIN_02913.eml
5783,TRAIN_02914.eml
4682,TRAIN_02915.eml
4969,TRAIN_02916.eml
6337,TRAIN_02917.eml
5217,TRAIN_02918.eml
5732,TRAIN_02919.eml
2904,TRAIN_02920.eml
6163,TRAIN_02921.eml
5843,TRAIN_02922.eml
5612,TRAIN_02923.eml
5934,TRAIN_02924.eml
8689,TRAIN_02925.eml
5852,TRAIN_02926.eml
7525,TRAIN_02927.eml
7736,TRAIN_02928.eml
16209,TRAIN_02929.eml
3381,TRAIN_02930.eml
5163,TRAIN_02931.eml
2898,TRAIN_02932.eml
3762,TRAIN_02933.eml
3419,TRAIN_02934.eml
5894,TRAIN_02935.eml
1446,TRAIN_02936.eml
3707,TRAIN_02937.eml
3058,TRAIN_02938.eml
5470,TRAIN_02939.eml
7504,TRAIN_02940.eml
11236,TRAIN_02941.eml
2874,TRAIN_02942.eml
5673,TRAIN_02943.eml
5744,TRAIN_02944.eml
7756,TRAIN_02945.eml
6820,TRAIN_02946.eml
6519,TRAIN_02947.eml
1947,TRAIN_02948.eml
13506,TRAIN_02949.eml
5132,TRAIN_02950.eml
6122,TRAIN_02951.eml
3589,TRAIN_02952.eml
4575,TRAIN_02953.eml
11685,TRAIN_02954.eml
4141,TRAIN_02955.eml
5399,TRAIN_02956.eml
3626,TRAIN_02957.eml
5400,TRAIN_02958.eml
5443,TRAIN_02959.eml
6570,TRAIN_02960.eml
9747,TRAIN_02961.eml
3515,TRAIN_02962.eml
2641,TRAIN_02963.eml
5962,TRAIN_02964.eml
3638,TRAIN_02965.eml
8339,TRAIN_02966.eml
3662,TRAIN_02967.eml
7281,TRAIN_02968.eml
1221,TRAIN_02969.eml
1119,TRAIN_02970.eml
1137,TRAIN_02971.eml
7862,TRAIN_02972.eml
3419,TRAIN_02973.eml
7372,TRAIN_02974.eml
10510,TRAIN_02975.eml
4275,TRAIN_02976.eml
2952,TRAIN_02977.eml
5558,TRAIN_02978.eml
6974,TRAIN_02979.eml
5106,TRAIN_02980.eml
2947,TRAIN_02981.eml
1295,TRAIN_02982.eml
5635,TRAIN_02983.eml
13146,TRAIN_02984.eml
2497,TRAIN_02985.eml
5305,TRAIN_02986.eml
3928,TRAIN_02987.eml
2177,TRAIN_02988.eml
4419,TRAIN_02989.eml
2396,TRAIN_02990.eml
2078,TRAIN_02991.eml
5566,TRAIN_02992.eml
4944,TRAIN_02993.eml
3011,TRAIN_02994.eml
2627,TRAIN_02995.eml
6084,TRAIN_02996.eml
3291,TRAIN_02997.eml
6523,TRAIN_02998.eml
2175,TRAIN_02999.eml
6006,TRAIN_03000.eml
5138,TRAIN_03001.eml
4422,TRAIN_03002.eml
1673,TRAIN_03003.eml
6145,TRAIN_03004.eml
7002,TRAIN_03005.eml
3211,TRAIN_03006.eml
2910,TRAIN_03007.eml
11184,TRAIN_03008.eml
2894,TRAIN_03009.eml
1187,TRAIN_03010.eml
5479,TRAIN_03011.eml
7267,TRAIN_03012.eml
3383,TRAIN_03013.eml
5849,TRAIN_03014.eml
6610,TRAIN_03015.eml
35728,TRAIN_03016.eml
9788,TRAIN_03017.eml
5353,TRAIN_03018.eml
2835,TRAIN_03019.eml
8392,TRAIN_03020.eml
5940,TRAIN_03021.eml
5245,TRAIN_03022.eml
5883,TRAIN_03023.eml
24387,TRAIN_03024.eml
2205,TRAIN_03025.eml
4041,TRAIN_03026.eml
4090,TRAIN_03027.eml
3264,TRAIN_03028.eml
1804,TRAIN_03029.eml
11843,TRAIN_03030.eml
2363,TRAIN_03031.eml
1035,TRAIN_03032.eml
4494,TRAIN_03033.eml
5054,TRAIN_03034.eml
8898,TRAIN_03035.eml
5000,TRAIN_03036.eml
6087,TRAIN_03037.eml
5641,TRAIN_03038.eml
4976,TRAIN_03039.eml
6722,TRAIN_03040.eml
4373,TRAIN_03041.eml
1154,TRAIN_03042.eml
2507,TRAIN_03043.eml
13752,TRAIN_03044.eml
3938,TRAIN_03045.eml
6523,TRAIN_03046.eml
4632,TRAIN_03047.eml
4343,TRAIN_03048.eml
4329,TRAIN_03049.eml
4266,TRAIN_03050.eml
10486,TRAIN_03051.eml
7122,TRAIN_03052.eml
8782,TRAIN_03053.eml
4056,TRAIN_03054.eml
2887,TRAIN_03055.eml
2860,TRAIN_03056.eml
5432,TRAIN_03057.eml
7450,TRAIN_03058.eml
5965,TRAIN_03059.eml
5645,TRAIN_03060.eml
5060,TRAIN_03061.eml
6130,TRAIN_03062.eml
2579,TRAIN_03063.eml
1863,TRAIN_03064.eml
3740,TRAIN_03065.eml
6542,TRAIN_03066.eml
4594,TRAIN_03067.eml
6072,TRAIN_03068.eml
3598,TRAIN_03069.eml
3909,TRAIN_03070.eml
2370,TRAIN_03071.eml
1197,TRAIN_03072.eml
1659,TRAIN_03073.eml
6102,TRAIN_03074.eml
7454,TRAIN_03075.eml
2548,TRAIN_03076.eml
3427,TRAIN_03077.eml
2901,TRAIN_03078.eml
5697,TRAIN_03079.eml
866,TRAIN_03080.eml
1974,TRAIN_03081.eml
3040,TRAIN_03082.eml
6522,TRAIN_03083.eml
3310,TRAIN_03084.eml
3451,TRAIN_03085.eml
7266,TRAIN_03086.eml
2454,TRAIN_03087.eml
6451,TRAIN_03088.eml
5604,TRAIN_03089.eml
4317,TRAIN_03090.eml
2323,TRAIN_03091.eml
2452,TRAIN_03092.eml
2767,TRAIN_03093.eml
3588,TRAIN_03094.eml
5584,TRAIN_03095.eml
3601,TRAIN_03096.eml
2948,TRAIN_03097.eml
5774,TRAIN_03098.eml
13121,TRAIN_03099.eml
5192,TRAIN_03100.eml
5702,TRAIN_03101.eml
3398,TRAIN_03102.eml
1088,TRAIN_03103.eml
8937,TRAIN_03104.eml
5306,TRAIN_03105.eml
7497,TRAIN_03106.eml
1740,TRAIN_03107.eml
3147,TRAIN_03108.eml
4784,TRAIN_03109.eml
6103,TRAIN_03110.eml
6980,TRAIN_03111.eml
13989,TRAIN_03112.eml
11564,TRAIN_03113.eml
3769,TRAIN_03114.eml
10225,TRAIN_03115.eml
9751,TRAIN_03116.eml
6542,TRAIN_03117.eml
3514,TRAIN_03118.eml
7045,TRAIN_03119.eml
1401,TRAIN_03120.eml
8681,TRAIN_03121.eml
30341,TRAIN_03122.eml
1871,TRAIN_03123.eml
2854,TRAIN_03124.eml
4789,TRAIN_03125.eml
5709,TRAIN_03126.eml
6725,TRAIN_03127.eml
3895,TRAIN_03128.eml
5335,TRAIN_03129.eml
3489,TRAIN_03130.eml
13010,TRAIN_03131.eml
2974,TRAIN_03132.eml
3738,TRAIN_03133.eml
11467,TRAIN_03134.eml
1791,TRAIN_03135.eml
5473,TRAIN_03136.eml
6380,TRAIN_03137.eml
27835,TRAIN_03138.eml
1104,TRAIN_03139.eml
3552,TRAIN_03140.eml
1159,TRAIN_03141.eml
2218,TRAIN_03142.eml
5526,TRAIN_03143.eml
4639,TRAIN_03144.eml
3429,TRAIN_03145.eml
3798,TRAIN_03146.eml
7635,TRAIN_03147.eml
5639,TRAIN_03148.eml
1092,TRAIN_03149.eml
10734,TRAIN_03150.eml
13574,TRAIN_03151.eml
10790,TRAIN_03152.eml
4958,TRAIN_03153.eml
11212,TRAIN_03154.eml
6460,TRAIN_03155.eml
3682,TRAIN_03156.eml
3938,TRAIN_03157.eml
3564,TRAIN_03158.eml
6355,TRAIN_03159.eml
9437,TRAIN_03160.eml
6125,TRAIN_03161.eml
1909,TRAIN_03162.eml
4990,TRAIN_03163.eml
2397,TRAIN_03164.eml
3280,TRAIN_03165.eml
5571,TRAIN_03166.eml
5137,TRAIN_03167.eml
5309,TRAIN_03168.eml
4849,TRAIN_03169.eml
5320,TRAIN_03170.eml
4726,TRAIN_03171.eml
1143,TRAIN_03172.eml
1417,TRAIN_03173.eml
4240,TRAIN_03174.eml
6041,TRAIN_03175.eml
2051,TRAIN_03176.eml
5298,TRAIN_03177.eml
6576,TRAIN_03178.eml
5516,TRAIN_03179.eml
5166,TRAIN_03180.eml
6887,TRAIN_03181.eml
37594,TRAIN_03182.eml
5027,TRAIN_03183.eml
1104,TRAIN_03184.eml
1992,TRAIN_03185.eml
3294,TRAIN_03186.eml
8183,TRAIN_03187.eml
1803,TRAIN_03188.eml
5795,TRAIN_03189.eml
7285,TRAIN_03190.eml
4885,TRAIN_03191.eml
7951,TRAIN_03192.eml
2727,TRAIN_03193.eml
4571,TRAIN_03194.eml
1748,TRAIN_03195.eml
6378,TRAIN_03196.eml
3021,TRAIN_03197.eml
7143,TRAIN_03198.eml
9041,TRAIN_03199.eml
2562,TRAIN_03200.eml
5668,TRAIN_03201.eml
8185,TRAIN_03202.eml
9176,TRAIN_03203.eml
5440,TRAIN_03204.eml
6979,TRAIN_03205.eml
5688,TRAIN_03206.eml
14902,TRAIN_03207.eml
8346,TRAIN_03208.eml
2233,TRAIN_03209.eml
1812,TRAIN_03210.eml
6082,TRAIN_03211.eml
5878,TRAIN_03212.eml
3209,TRAIN_03213.eml
3876,TRAIN_03214.eml
3995,TRAIN_03215.eml
717,TRAIN_03216.eml
44772,TRAIN_03217.eml
12381,TRAIN_03218.eml
1123,TRAIN_03219.eml
2425,TRAIN_03220.eml
5603,TRAIN_03221.eml
2766,TRAIN_03222.eml
6724,TRAIN_03223.eml
7600,TRAIN_03224.eml
15359,TRAIN_03225.eml
38690,TRAIN_03226.eml
9186,TRAIN_03227.eml
5216,TRAIN_03228.eml
6182,TRAIN_03229.eml
4971,TRAIN_03230.eml
5809,TRAIN_03231.eml
4144,TRAIN_03232.eml
2060,TRAIN_03233.eml
5154,TRAIN_03234.eml
1213,TRAIN_03235.eml
1990,TRAIN_03236.eml
5112,TRAIN_03237.eml
9890,TRAIN_03238.eml
3415,TRAIN_03239.eml
3745,TRAIN_03240.eml
5574,TRAIN_03241.eml
1549,TRAIN_03242.eml
30899,TRAIN_03243.eml
3845,TRAIN_03244.eml
1756,TRAIN_03245.eml
5881,TRAIN_03246.eml
3126,TRAIN_03247.eml
5678,TRAIN_03248.eml
5978,TRAIN_03249.eml
5050,TRAIN_03250.eml
10693,TRAIN_03251.eml
5951,TRAIN_03252.eml
5742,TRAIN_03253.eml
819,TRAIN_03254.eml
6708,TRAIN_03255.eml
5363,TRAIN_03256.eml
3534,TRAIN_03257.eml
2780,TRAIN_03258.eml
6421,TRAIN_03259.eml
3876,TRAIN_03260.eml
2154,TRAIN_03261.eml
1422,TRAIN_03262.eml
4485,TRAIN_03263.eml
6086,TRAIN_03264.eml
6246,TRAIN_03265.eml
9360,TRAIN_03266.eml
6458,TRAIN_03267.eml
5268,TRAIN_03268.eml
2908,TRAIN_03269.eml
2653,TRAIN_03270.eml
8329,TRAIN_03271.eml
24542,TRAIN_03272.eml
3663,TRAIN_03273.eml
4815,TRAIN_03274.eml
2005,TRAIN_03275.eml
5452,TRAIN_03276.eml
6674,TRAIN_03277.eml
5218,TRAIN_03278.eml
6337,TRAIN_03279.eml
15727,TRAIN_03280.eml
9190,TRAIN_03281.eml
5721,TRAIN_03282.eml
7059,TRAIN_03283.eml
6840,TRAIN_03284.eml
5964,TRAIN_03285.eml
3544,TRAIN_03286.eml
3821,TRAIN_03287.eml
9900,TRAIN_03288.eml
2752,TRAIN_03289.eml
15430,TRAIN_03290.eml
3172,TRAIN_03291.eml
4915,TRAIN_03292.eml
4152,TRAIN_03293.eml
12993,TRAIN_03294.eml
5832,TRAIN_03295.eml
2872,TRAIN_03296.eml
3134,TRAIN_03297.eml
3408,TRAIN_03298.eml
2842,TRAIN_03299.eml
2180,TRAIN_03300.eml
4486,TRAIN_03301.eml
1168,TRAIN_03302.eml
4072,TRAIN_03303.eml
3767,TRAIN_03304.eml
4895,TRAIN_03305.eml
1685,TRAIN_03306.eml
4110,TRAIN_03307.eml
4870,TRAIN_03308.eml
7165,TRAIN_03309.eml
8595,TRAIN_03310.eml
5428,TRAIN_03311.eml
5819,TRAIN_03312.eml
2410,TRAIN_03313.eml
1868,TRAIN_03314.eml
13088,TRAIN_03315.eml
3799,TRAIN_03316.eml
2164,TRAIN_03317.eml
2631,TRAIN_03318.eml
2938,TRAIN_03319.eml
7482,TRAIN_03320.eml
2165,TRAIN_03321.eml
1593,TRAIN_03322.eml
2686,TRAIN_03323.eml
5742,TRAIN_03324.eml
2932,TRAIN_03325.eml
1034,TRAIN_03326.eml
5580,TRAIN_03327.eml
2446,TRAIN_03328.eml
5430,TRAIN_03329.eml
5484,TRAIN_03330.eml
3989,TRAIN_03331.eml
1089,TRAIN_03332.eml
20623,TRAIN_03333.eml
6000,TRAIN_03334.eml
3641,TRAIN_03335.eml
3153,TRAIN_03336.eml
3249,TRAIN_03337.eml
6334,TRAIN_03338.eml
3587,TRAIN_03339.eml
11355,TRAIN_03340.eml
6806,TRAIN_03341.eml
7637,TRAIN_03342.eml
6701,TRAIN_03343.eml
5446,TRAIN_03344.eml
4890,TRAIN_03345.eml
4488,TRAIN_03346.eml
5749,TRAIN_03347.eml
4539,TRAIN_03348.eml
11759,TRAIN_03349.eml
2754,TRAIN_03350.eml
3842,TRAIN_03351.eml
6102,TRAIN_03352.eml
5964,TRAIN_03353.eml
7073,TRAIN_03354.eml
6228,TRAIN_03355.eml
3940,TRAIN_03356.eml
5578,TRAIN_03357.eml
7531,TRAIN_03358.eml
1321,TRAIN_03359.eml
8747,TRAIN_03360.eml
5694,TRAIN_03361.eml
3763,TRAIN_03362.eml
13773,TRAIN_03363.eml
3222,TRAIN_03364.eml
4855,TRAIN_03365.eml
1025,TRAIN_03366.eml
6309,TRAIN_03367.eml
21714,TRAIN_03368.eml
5792,TRAIN_03369.eml
6534,TRAIN_03370.eml
10184,TRAIN_03371.eml
13154,TRAIN_03372.eml
4930,TRAIN_03373.eml
4820,TRAIN_03374.eml
6563,TRAIN_03375.eml
5854,TRAIN_03376.eml
1716,TRAIN_03377.eml
6312,TRAIN_03378.eml
6962,TRAIN_03379.eml
2466,TRAIN_03380.eml
3682,TRAIN_03381.eml
2544,TRAIN_03382.eml
6262,TRAIN_03383.eml
2590,TRAIN_03384.eml
9378,TRAIN_03385.eml
2912,TRAIN_03386.eml
8117,TRAIN_03387.eml
6204,TRAIN_03388.eml
10917,TRAIN_03389.eml
1946,TRAIN_03390.eml
1074,TRAIN_03391.eml
3077,TRAIN_03392.eml
5998,TRAIN_03393.eml
8948,TRAIN_03394.eml
14183,TRAIN_03395.eml
7453,TRAIN_03396.eml
7498,TRAIN_03397.eml
2260,TRAIN_03398.eml
18968,TRAIN_03399.eml
6043,TRAIN_03400.eml
2672,TRAIN_03401.eml
8261,TRAIN_03402.eml
1181,TRAIN_03403.eml
3664,TRAIN_03404.eml
3836,TRAIN_03405.eml
3115,TRAIN_03406.eml
4506,TRAIN_03407.eml
2028,TRAIN_03408.eml
1179,TRAIN_03409.eml
9377,TRAIN_03410.eml
8692,TRAIN_03411.eml
8825,TRAIN_03412.eml
5270,TRAIN_03413.eml
4564,TRAIN_03414.eml
36643,TRAIN_03415.eml
3228,TRAIN_03416.eml
1210,TRAIN_03417.eml
4763,TRAIN_03418.eml
4474,TRAIN_03419.eml
3354,TRAIN_03420.eml
5633,TRAIN_03421.eml
4120,TRAIN_03422.eml
5692,TRAIN_03423.eml
8093,TRAIN_03424.eml
4093,TRAIN_03425.eml
1629,TRAIN_03426.eml
5505,TRAIN_03427.eml
2914,TRAIN_03428.eml
905,TRAIN_03429.eml
3364,TRAIN_03430.eml
6055,TRAIN_03431.eml
1050,TRAIN_03432.eml
9393,TRAIN_03433.eml
5758,TRAIN_03434.eml
4268,TRAIN_03435.eml
3232,TRAIN_03436.eml
9670,TRAIN_03437.eml
1907,TRAIN_03438.eml
1036,TRAIN_03439.eml
3142,TRAIN_03440.eml
3202,TRAIN_03441.eml
3019,TRAIN_03442.eml
5214,TRAIN_03443.eml
6806,TRAIN_03444.eml
2940,TRAIN_03445.eml
4631,TRAIN_03446.eml
2657,TRAIN_03447.eml
8174,TRAIN_03448.eml
6617,TRAIN_03449.eml
5718,TRAIN_03450.eml
7051,TRAIN_03451.eml
4835,TRAIN_03452.eml
5688,TRAIN_03453.eml
6679,TRAIN_03454.eml
3363,TRAIN_03455.eml
2785,TRAIN_03456.eml
5884,TRAIN_03457.eml
6698,TRAIN_03458.eml
5795,TRAIN_03459.eml
4175,TRAIN_03460.eml
33143,TRAIN_03461.eml
5232,TRAIN_03462.eml
12666,TRAIN_03463.eml
8733,TRAIN_03464.eml
2482,TRAIN_03465.eml
5661,TRAIN_03466.eml
4439,TRAIN_03467.eml
5552,TRAIN_03468.eml
11183,TRAIN_03469.eml
4059,TRAIN_03470.eml
1481,TRAIN_03471.eml
5457,TRAIN_03472.eml
2727,TRAIN_03473.eml
2840,TRAIN_03474.eml
6264,TRAIN_03475.eml
5794,TRAIN_03476.eml
4820,TRAIN_03477.eml
1093,TRAIN_03478.eml
6113,TRAIN_03479.eml
2055,TRAIN_03480.eml
2812,TRAIN_03481.eml
6812,TRAIN_03482.eml
2296,TRAIN_03483.eml
2217,TRAIN_03484.eml
5974,TRAIN_03485.eml
3939,TRAIN_03486.eml
5043,TRAIN_03487.eml
8407,TRAIN_03488.eml
3341,TRAIN_03489.eml
7936,TRAIN_03490.eml
7092,TRAIN_03491.eml
10377,TRAIN_03492.eml
3238,TRAIN_03493.eml
1706,TRAIN_03494.eml
5932,TRAIN_03495.eml
5551,TRAIN_03496.eml
2742,TRAIN_03497.eml
3590,TRAIN_03498.eml
2567,TRAIN_03499.eml
7953,TRAIN_03500.eml
5030,TRAIN_03501.eml
7359,TRAIN_03502.eml
2484,TRAIN_03503.eml
2096,TRAIN_03504.eml
5303,TRAIN_03505.eml
1104,TRAIN_03506.eml
5066,TRAIN_03507.eml
9464,TRAIN_03508.eml
2889,TRAIN_03509.eml
4137,TRAIN_03510.eml
1256,TRAIN_03511.eml
5818,TRAIN_03512.eml
6879,TRAIN_03513.eml
3908,TRAIN_03514.eml
6101,TRAIN_03515.eml
17506,TRAIN_03516.eml
8916,TRAIN_03517.eml
6297,TRAIN_03518.eml
3018,TRAIN_03519.eml
905,TRAIN_03520.eml
3454,TRAIN_03521.eml
8177,TRAIN_03522.eml
5828,TRAIN_03523.eml
4315,TRAIN_03524.eml
3057,TRAIN_03525.eml
7168,TRAIN_03526.eml
3629,TRAIN_03527.eml
6159,TRAIN_03528.eml
8998,TRAIN_03529.eml
6380,TRAIN_03530.eml
6419,TRAIN_03531.eml
1191,TRAIN_03532.eml
9865,TRAIN_03533.eml
5700,TRAIN_03534.eml
7132,TRAIN_03535.eml
6541,TRAIN_03536.eml
6470,TRAIN_03537.eml
4635,TRAIN_03538.eml
3549,TRAIN_03539.eml
8469,TRAIN_03540.eml
5510,TRAIN_03541.eml
3195,TRAIN_03542.eml
6400,TRAIN_03543.eml
3369,TRAIN_03544.eml
7816,TRAIN_03545.eml
2965,TRAIN_03546.eml
10182,TRAIN_03547.eml
4151,TRAIN_03548.eml
4936,TRAIN_03549.eml
5252,TRAIN_03550.eml
6265,TRAIN_03551.eml
5094,TRAIN_03552.eml
10209,TRAIN_03553.eml
2091,TRAIN_03554.eml
5411,TRAIN_03555.eml
12340,TRAIN_03556.eml
5760,TRAIN_03557.eml
5580,TRAIN_03558.eml
6672,TRAIN_03559.eml
46418,TRAIN_03560.eml
7763,TRAIN_03561.eml
3339,TRAIN_03562.eml
2347,TRAIN_03563.eml
5275,TRAIN_03564.eml
7302,TRAIN_03565.eml
2852,TRAIN_03566.eml
2715,TRAIN_03567.eml
7174,TRAIN_03568.eml
3142,TRAIN_03569.eml
8159,TRAIN_03570.eml
3866,TRAIN_03571.eml
3897,TRAIN_03572.eml
6775,TRAIN_03573.eml
7236,TRAIN_03574.eml
6198,TRAIN_03575.eml
3952,TRAIN_03576.eml
4643,TRAIN_03577.eml
4253,TRAIN_03578.eml
7621,TRAIN_03579.eml
2851,TRAIN_03580.eml
1188,TRAIN_03581.eml
35638,TRAIN_03582.eml
2200,TRAIN_03583.eml
6948,TRAIN_03584.eml
2549,TRAIN_03585.eml
5953,TRAIN_03586.eml
3176,TRAIN_03587.eml
1300,TRAIN_03588.eml
3022,TRAIN_03589.eml
6235,TRAIN_03590.eml
9603,TRAIN_03591.eml
1562,TRAIN_03592.eml
3058,TRAIN_03593.eml
6695,TRAIN_03594.eml
7440,TRAIN_03595.eml
3798,TRAIN_03596.eml
6058,TRAIN_03597.eml
9242,TRAIN_03598.eml
15706,TRAIN_03599.eml
15076,TRAIN_03600.eml
5432,TRAIN_03601.eml
7136,TRAIN_03602.eml
5498,TRAIN_03603.eml
6355,TRAIN_03604.eml
4194,TRAIN_03605.eml
5476,TRAIN_03606.eml
2926,TRAIN_03607.eml
6726,TRAIN_03608.eml
1128,TRAIN_03609.eml
2215,TRAIN_03610.eml
4338,TRAIN_03611.eml
5750,TRAIN_03612.eml
5143,TRAIN_03613.eml
7257,TRAIN_03614.eml
11514,TRAIN_03615.eml
18667,TRAIN_03616.eml
4270,TRAIN_03617.eml
5575,TRAIN_03618.eml
7176,TRAIN_03619.eml
1762,TRAIN_03620.eml
7480,TRAIN_03621.eml
6451,TRAIN_03622.eml
21322,TRAIN_03623.eml
4533,TRAIN_03624.eml
5491,TRAIN_03625.eml
24575,TRAIN_03626.eml
4269,TRAIN_03627.eml
44814,TRAIN_03628.eml
2142,TRAIN_03629.eml
5980,TRAIN_03630.eml
2890,TRAIN_03631.eml
6218,TRAIN_03632.eml
4480,TRAIN_03633.eml
6099,TRAIN_03634.eml
1183,TRAIN_03635.eml
5763,TRAIN_03636.eml
4385,TRAIN_03637.eml
6154,TRAIN_03638.eml
4109,TRAIN_03639.eml
5006,TRAIN_03640.eml
12134,TRAIN_03641.eml
13350,TRAIN_03642.eml
2794,TRAIN_03643.eml
12276,TRAIN_03644.eml
4477,TRAIN_03645.eml
9917,TRAIN_03646.eml
5465,TRAIN_03647.eml
6262,TRAIN_03648.eml
6231,TRAIN_03649.eml
5187,TRAIN_03650.eml
6796,TRAIN_03651.eml
6706,TRAIN_03652.eml
1510,TRAIN_03653.eml
3621,TRAIN_03654.eml
7820,TRAIN_03655.eml
2442,TRAIN_03656.eml
2912,TRAIN_03657.eml
7174,TRAIN_03658.eml
2506,TRAIN_03659.eml
3416,TRAIN_03660.eml
6475,TRAIN_03661.eml
3027,TRAIN_03662.eml
1135,TRAIN_03663.eml
6095,TRAIN_03664.eml
2804,TRAIN_03665.eml
1694,TRAIN_03666.eml
46235,TRAIN_03667.eml
3138,TRAIN_03668.eml
2189,TRAIN_03669.eml
5526,TRAIN_03670.eml
3072,TRAIN_03671.eml
1158,TRAIN_03672.eml
3803,TRAIN_03673.eml
7252,TRAIN_03674.eml
8265,TRAIN_03675.eml
3806,TRAIN_03676.eml
4826,TRAIN_03677.eml
8806,TRAIN_03678.eml
1191,TRAIN_03679.eml
7079,TRAIN_03680.eml
6530,TRAIN_03681.eml
17449,TRAIN_03682.eml
2494,TRAIN_03683.eml
5979,TRAIN_03684.eml
6491,TRAIN_03685.eml
7844,TRAIN_03686.eml
4946,TRAIN_03687.eml
10952,TRAIN_03688.eml
1202,TRAIN_03689.eml
2437,TRAIN_03690.eml
5158,TRAIN_03691.eml
4883,TRAIN_03692.eml
10790,TRAIN_03693.eml
11885,TRAIN_03694.eml
5090,TRAIN_03695.eml
3187,TRAIN_03696.eml
2952,TRAIN_03697.eml
11122,TRAIN_03698.eml
23278,TRAIN_03699.eml
5667,TRAIN_03700.eml
7494,TRAIN_03701.eml
15964,TRAIN_03702.eml
6696,TRAIN_03703.eml
1962,TRAIN_03704.eml
6105,TRAIN_03705.eml
2585,TRAIN_03706.eml
3123,TRAIN_03707.eml
10637,TRAIN_03708.eml
6996,TRAIN_03709.eml
1284,TRAIN_03710.eml
5446,TRAIN_03711.eml
1930,TRAIN_03712.eml
3184,TRAIN_03713.eml
7389,TRAIN_03714.eml
6201,TRAIN_03715.eml
3205,TRAIN_03716.eml
8493,TRAIN_03717.eml
7015,TRAIN_03718.eml
4165,TRAIN_03719.eml
6319,TRAIN_03720.eml
2974,TRAIN_03721.eml
5914,TRAIN_03722.eml
7013,TRAIN_03723.eml
11674,TRAIN_03724.eml
3191,TRAIN_03725.eml
1609,TRAIN_03726.eml
7546,TRAIN_03727.eml
4495,TRAIN_03728.eml
5103,TRAIN_03729.eml
2283,TRAIN_03730.eml
4929,TRAIN_03731.eml
5152,TRAIN_03732.eml
3068,TRAIN_03733.eml
7201,TRAIN_03734.eml
3243,TRAIN_03735.eml
19622,TRAIN_03736.eml
6921,TRAIN_03737.eml
5688,TRAIN_03738.eml
75647,TRAIN_03739.eml
6860,TRAIN_03740.eml
1569,TRAIN_03741.eml
9003,TRAIN_03742.eml
3900,TRAIN_03743.eml
6819,TRAIN_03744.eml
5392,TRAIN_03745.eml
4255,TRAIN_03746.eml
4125,TRAIN_03747.eml
17502,TRAIN_03748.eml
4166,TRAIN_03749.eml
6543,TRAIN_03750.eml
5331,TRAIN_03751.eml
4298,TRAIN_03752.eml
26010,TRAIN_03753.eml
7162,TRAIN_03754.eml
3829,TRAIN_03755.eml
6060,TRAIN_03756.eml
5423,TRAIN_03757.eml
7634,TRAIN_03758.eml
2977,TRAIN_03759.eml
11454,TRAIN_03760.eml
60697,TRAIN_03761.eml
1060,TRAIN_03762.eml
1463,TRAIN_03763.eml
6443,TRAIN_03764.eml
6727,TRAIN_03765.eml
3142,TRAIN_03766.eml
2519,TRAIN_03767.eml
6749,TRAIN_03768.eml
43454,TRAIN_03769.eml
3774,TRAIN_03770.eml
3725,TRAIN_03771.eml
1758,TRAIN_03772.eml
909,TRAIN_03773.eml
4484,TRAIN_03774.eml
2290,TRAIN_03775.eml
21517,TRAIN_03776.eml
5506,TRAIN_03777.eml
1422,TRAIN_03778.eml
3053,TRAIN_03779.eml
3044,TRAIN_03780.eml
4963,TRAIN_03781.eml
13581,TRAIN_03782.eml
11274,TRAIN_03783.eml
3383,TRAIN_03784.eml
2882,TRAIN_03785.eml
3071,TRAIN_03786.eml
4059,TRAIN_03787.eml
2921,TRAIN_03788.eml
6638,TRAIN_03789.eml
5214,TRAIN_03790.eml
8218,TRAIN_03791.eml
8201,TRAIN_03792.eml
5941,TRAIN_03793.eml
2160,TRAIN_03794.eml
5657,TRAIN_03795.eml
3260,TRAIN_03796.eml
5444,TRAIN_03797.eml
8668,TRAIN_03798.eml
3919,TRAIN_03799.eml
5635,TRAIN_03800.eml
4707,TRAIN_03801.eml
4360,TRAIN_03802.eml
9785,TRAIN_03803.eml
3119,TRAIN_03804.eml
5113,TRAIN_03805.eml
3802,TRAIN_03806.eml
7817,TRAIN_03807.eml
2606,TRAIN_03808.eml
4245,TRAIN_03809.eml
6218,TRAIN_03810.eml
11252,TRAIN_03811.eml
11274,TRAIN_03812.eml
3595,TRAIN_03813.eml
4795,TRAIN_03814.eml
3133,TRAIN_03815.eml
9269,TRAIN_03816.eml
2373,TRAIN_03817.eml
5068,TRAIN_03818.eml
6270,TRAIN_03819.eml
4464,TRAIN_03820.eml
1407,TRAIN_03821.eml
6642,TRAIN_03822.eml
10192,TRAIN_03823.eml
2529,TRAIN_03824.eml
5854,TRAIN_03825.eml
11366,TRAIN_03826.eml
3161,TRAIN_03827.eml
3569,TRAIN_03828.eml
5890,TRAIN_03829.eml
2112,TRAIN_03830.eml
4112,TRAIN_03831.eml
5745,TRAIN_03832.eml
3704,TRAIN_03833.eml
4379,TRAIN_03834.eml
6473,TRAIN_03835.eml
6678,TRAIN_03836.eml
8328,TRAIN_03837.eml
3043,TRAIN_03838.eml
4982,TRAIN_03839.eml
8322,TRAIN_03840.eml
4677,TRAIN_03841.eml
6516,TRAIN_03842.eml
7860,TRAIN_03843.eml
5871,TRAIN_03844.eml
2969,TRAIN_03845.eml
2917,TRAIN_03846.eml
7993,TRAIN_03847.eml
11222,TRAIN_03848.eml
5730,TRAIN_03849.eml
5944,TRAIN_03850.eml
7960,TRAIN_03851.eml
5383,TRAIN_03852.eml
5473,TRAIN_03853.eml
6908,TRAIN_03854.eml
24722,TRAIN_03855.eml
9613,TRAIN_03856.eml
4713,TRAIN_03857.eml
5857,TRAIN_03858.eml
2926,TRAIN_03859.eml
10580,TRAIN_03860.eml
1763,TRAIN_03861.eml
3575,TRAIN_03862.eml
4580,TRAIN_03863.eml
2529,TRAIN_03864.eml
3097,TRAIN_03865.eml
5411,TRAIN_03866.eml
1171,TRAIN_03867.eml
8868,TRAIN_03868.eml
5590,TRAIN_03869.eml
3191,TRAIN_03870.eml
3202,TRAIN_03871.eml
9832,TRAIN_03872.eml
30734,TRAIN_03873.eml
3630,TRAIN_03874.eml
5479,TRAIN_03875.eml
5354,TRAIN_03876.eml
6635,TRAIN_03877.eml
6405,TRAIN_03878.eml
1372,TRAIN_03879.eml
3993,TRAIN_03880.eml
7079,TRAIN_03881.eml
8644,TRAIN_03882.eml
7212,TRAIN_03883.eml
22461,TRAIN_03884.eml
4723,TRAIN_03885.eml
27597,TRAIN_03886.eml
8996,TRAIN_03887.eml
21218,TRAIN_03888.eml
3637,TRAIN_03889.eml
6898,TRAIN_03890.eml
1680,TRAIN_03891.eml
3195,TRAIN_03892.eml
4701,TRAIN_03893.eml
12101,TRAIN_03894.eml
3884,TRAIN_03895.eml
3311,TRAIN_03896.eml
7902,TRAIN_03897.eml
8233,TRAIN_03898.eml
5120,TRAIN_03899.eml
1323,TRAIN_03900.eml
3119,TRAIN_03901.eml
6376,TRAIN_03902.eml
1493,TRAIN_03903.eml
3150,TRAIN_03904.eml
5664,TRAIN_03905.eml
6131,TRAIN_03906.eml
2974,TRAIN_03907.eml
3384,TRAIN_03908.eml
6970,TRAIN_03909.eml
6991,TRAIN_03910.eml
3483,TRAIN_03911.eml
11165,TRAIN_03912.eml
3578,TRAIN_03913.eml
5495,TRAIN_03914.eml
5753,TRAIN_03915.eml
3089,TRAIN_03916.eml
2498,TRAIN_03917.eml
4771,TRAIN_03918.eml
2035,TRAIN_03919.eml
2040,TRAIN_03920.eml
5698,TRAIN_03921.eml
6554,TRAIN_03922.eml
1128,TRAIN_03923.eml
16482,TRAIN_03924.eml
2728,TRAIN_03925.eml
4851,TRAIN_03926.eml
1108,TRAIN_03927.eml
1131,TRAIN_03928.eml
4352,TRAIN_03929.eml
2955,TRAIN_03930.eml
6347,TRAIN_03931.eml
232375,TRAIN_03932.eml
10224,TRAIN_03933.eml
1466,TRAIN_03934.eml
5301,TRAIN_03935.eml
3591,TRAIN_03936.eml
5521,TRAIN_03937.eml
3995,TRAIN_03938.eml
3923,TRAIN_03939.eml
3533,TRAIN_03940.eml
2715,TRAIN_03941.eml
3131,TRAIN_03942.eml
1503,TRAIN_03943.eml
6945,TRAIN_03944.eml
2788,TRAIN_03945.eml
6299,TRAIN_03946.eml
5490,TRAIN_03947.eml
5988,TRAIN_03948.eml
7625,TRAIN_03949.eml
5839,TRAIN_03950.eml
3208,TRAIN_03951.eml
5900,TRAIN_03952.eml
3397,TRAIN_03953.eml
4496,TRAIN_03954.eml
4592,TRAIN_03955.eml
5732,TRAIN_03956.eml
2270,TRAIN_03957.eml
6027,TRAIN_03958.eml
2491,TRAIN_03959.eml
6496,TRAIN_03960.eml
6509,TRAIN_03961.eml
4361,TRAIN_03962.eml
4355,TRAIN_03963.eml
5243,TRAIN_03964.eml
4887,TRAIN_03965.eml
2088,TRAIN_03966.eml
3341,TRAIN_03967.eml
2576,TRAIN_03968.eml
5819,TRAIN_03969.eml
6833,TRAIN_03970.eml
5823,TRAIN_03971.eml
3657,TRAIN_03972.eml
1163,TRAIN_03973.eml
6626,TRAIN_03974.eml
5468,TRAIN_03975.eml
6687,TRAIN_03976.eml
6716,TRAIN_03977.eml
5706,TRAIN_03978.eml
1293,TRAIN_03979.eml
8224,TRAIN_03980.eml
6443,TRAIN_03981.eml
1686,TRAIN_03982.eml
3196,TRAIN_03983.eml
2976,TRAIN_03984.eml
1574,TRAIN_03985.eml
3133,TRAIN_03986.eml
6125,TRAIN_03987.eml
5157,TRAIN_03988.eml
4817,TRAIN_03989.eml
5886,TRAIN_03990.eml
6599,TRAIN_03991.eml
2010,TRAIN_03992.eml
4757,TRAIN_03993.eml
3046,TRAIN_03994.eml
4227,TRAIN_03995.eml
3038,TRAIN_03996.eml
5012,TRAIN_03997.eml
6751,TRAIN_03998.eml
6284,TRAIN_03999.eml
25676,TRAIN_04000.eml
12103,TRAIN_04001.eml
15411,TRAIN_04002.eml
2735,TRAIN_04003.eml
1659,TRAIN_04004.eml
1248,TRAIN_04005.eml
4640,TRAIN_04006.eml
6288,TRAIN_04007.eml
7924,TRAIN_04008.eml
1074,TRAIN_04009.eml
4609,TRAIN_04010.eml
1356,TRAIN_04011.eml
2359,TRAIN_04012.eml
3493,TRAIN_04013.eml
16472,TRAIN_04014.eml
5936,TRAIN_04015.eml
3269,TRAIN_04016.eml
8008,TRAIN_04017.eml
2646,TRAIN_04018.eml
5185,TRAIN_04019.eml
1275,TRAIN_04020.eml
5868,TRAIN_04021.eml
1143,TRAIN_04022.eml
7950,TRAIN_04023.eml
2851,TRAIN_04024.eml
28214,TRAIN_04025.eml
4693,TRAIN_04026.eml
3714,TRAIN_04027.eml
6259,TRAIN_04028.eml
11363,TRAIN_04029.eml
6161,TRAIN_04030.eml
8808,TRAIN_04031.eml
2955,TRAIN_04032.eml
5614,TRAIN_04033.eml
3170,TRAIN_04034.eml
6478,TRAIN_04035.eml
2420,TRAIN_04036.eml
5164,TRAIN_04037.eml
6165,TRAIN_04038.eml
3931,TRAIN_04039.eml
5368,TRAIN_04040.eml
8838,TRAIN_04041.eml
2139,TRAIN_04042.eml
4536,TRAIN_04043.eml
6592,TRAIN_04044.eml
13537,TRAIN_04045.eml
33239,TRAIN_04046.eml
6134,TRAIN_04047.eml
2974,TRAIN_04048.eml
3236,TRAIN_04049.eml
5257,TRAIN_04050.eml
2178,TRAIN_04051.eml
3629,TRAIN_04052.eml
6177,TRAIN_04053.eml
4342,TRAIN_04054.eml
6746,TRAIN_04055.eml
5981,TRAIN_04056.eml
15758,TRAIN_04057.eml
5358,TRAIN_04058.eml
2318,TRAIN_04059.eml
7865,TRAIN_04060.eml
5992,TRAIN_04061.eml
5768,TRAIN_04062.eml
4419,TRAIN_04063.eml
5247,TRAIN_04064.eml
4050,TRAIN_04065.eml
20657,TRAIN_04066.eml
4215,TRAIN_04067.eml
6460,TRAIN_04068.eml
11665,TRAIN_04069.eml
5589,TRAIN_04070.eml
1128,TRAIN_04071.eml
7053,TRAIN_04072.eml
1113,TRAIN_04073.eml
8396,TRAIN_04074.eml
6759,TRAIN_04075.eml
12654,TRAIN_04076.eml
3469,TRAIN_04077.eml
13313,TRAIN_04078.eml
1163,TRAIN_04079.eml
3161,TRAIN_04080.eml
1705,TRAIN_04081.eml
6236,TRAIN_04082.eml
5688,TRAIN_04083.eml
2404,TRAIN_04084.eml
3216,TRAIN_04085.eml
6818,TRAIN_04086.eml
4822,TRAIN_04087.eml
4789,TRAIN_04088.eml
3036,TRAIN_04089.eml
4890,TRAIN_04090.eml
11783,TRAIN_04091.eml
43810,TRAIN_04092.eml
5016,TRAIN_04093.eml
4370,TRAIN_04094.eml
6994,TRAIN_04095.eml
4111,TRAIN_04096.eml
30816,TRAIN_04097.eml
7299,TRAIN_04098.eml
2524,TRAIN_04099.eml
4608,TRAIN_04100.eml
1494,TRAIN_04101.eml
10041,TRAIN_04102.eml
1173,TRAIN_04103.eml
2228,TRAIN_04104.eml
11266,TRAIN_04105.eml
5058,TRAIN_04106.eml
10566,TRAIN_04107.eml
3653,TRAIN_04108.eml
5545,TRAIN_04109.eml
8300,TRAIN_04110.eml
6330,TRAIN_04111.eml
2417,TRAIN_04112.eml
3503,TRAIN_04113.eml
11011,TRAIN_04114.eml
3785,TRAIN_04115.eml
5324,TRAIN_04116.eml
3985,TRAIN_04117.eml
4431,TRAIN_04118.eml
8657,TRAIN_04119.eml
2659,TRAIN_04120.eml
6499,TRAIN_04121.eml
16588,TRAIN_04122.eml
5736,TRAIN_04123.eml
3141,TRAIN_04124.eml
4468,TRAIN_04125.eml
263090,TRAIN_04126.eml
2870,TRAIN_04127.eml
2345,TRAIN_04128.eml
8586,TRAIN_04129.eml
34890,TRAIN_04130.eml
1543,TRAIN_04131.eml
3111,TRAIN_04132.eml
1976,TRAIN_04133.eml
6702,TRAIN_04134.eml
7384,TRAIN_04135.eml
4255,TRAIN_04136.eml
5958,TRAIN_04137.eml
1031,TRAIN_04138.eml
3354,TRAIN_04139.eml
5683,TRAIN_04140.eml
6505,TRAIN_04141.eml
4777,TRAIN_04142.eml
3756,TRAIN_04143.eml
5652,TRAIN_04144.eml
3840,TRAIN_04145.eml
5595,TRAIN_04146.eml
1457,TRAIN_04147.eml
5033,TRAIN_04148.eml
24028,TRAIN_04149.eml
7144,TRAIN_04150.eml
8953,TRAIN_04151.eml
5879,TRAIN_04152.eml
3014,TRAIN_04153.eml
6890,TRAIN_04154.eml
2573,TRAIN_04155.eml
1067,TRAIN_04156.eml
1920,TRAIN_04157.eml
6946,TRAIN_04158.eml
1075,TRAIN_04159.eml
5924,TRAIN_04160.eml
4245,TRAIN_04161.eml
5785,TRAIN_04162.eml
6016,TRAIN_04163.eml
7202,TRAIN_04164.eml
4499,TRAIN_04165.eml
4488,TRAIN_04166.eml
4973,TRAIN_04167.eml
9925,TRAIN_04168.eml
4022,TRAIN_04169.eml
4628,TRAIN_04170.eml
1627,TRAIN_04171.eml
1117,TRAIN_04172.eml
6221,TRAIN_04173.eml
3186,TRAIN_04174.eml
17902,TRAIN_04175.eml
7188,TRAIN_04176.eml
2510,TRAIN_04177.eml
12935,TRAIN_04178.eml
5430,TRAIN_04179.eml
5026,TRAIN_04180.eml
4498,TRAIN_04181.eml
5098,TRAIN_04182.eml
1120,TRAIN_04183.eml
11530,TRAIN_04184.eml
35385,TRAIN_04185.eml
8131,TRAIN_04186.eml
5088,TRAIN_04187.eml
9160,TRAIN_04188.eml
5468,TRAIN_04189.eml
1163,TRAIN_04190.eml
11137,TRAIN_04191.eml
5067,TRAIN_04192.eml
18710,TRAIN_04193.eml
3437,TRAIN_04194.eml
34710,TRAIN_04195.eml
6149,TRAIN_04196.eml
6210,TRAIN_04197.eml
3317,TRAIN_04198.eml
741,TRAIN_04199.eml
5722,TRAIN_04200.eml
6076,TRAIN_04201.eml
9741,TRAIN_04202.eml
4468,TRAIN_04203.eml
4591,TRAIN_04204.eml
3811,TRAIN_04205.eml
6021,TRAIN_04206.eml
2870,TRAIN_04207.eml
6507,TRAIN_04208.eml
7162,TRAIN_04209.eml
4864,TRAIN_04210.eml
1026,TRAIN_04211.eml
4397,TRAIN_04212.eml
42878,TRAIN_04213.eml
8734,TRAIN_04214.eml
3437,TRAIN_04215.eml
3552,TRAIN_04216.eml
4509,TRAIN_04217.eml
3639,TRAIN_04218.eml
6920,TRAIN_04219.eml
3991,TRAIN_04220.eml
7098,TRAIN_04221.eml
6028,TRAIN_04222.eml
6244,TRAIN_04223.eml
2709,TRAIN_04224.eml
8458,TRAIN_04225.eml
5083,TRAIN_04226.eml
6916,TRAIN_04227.eml
5844,TRAIN_04228.eml
861,TRAIN_04229.eml
3044,TRAIN_04230.eml
1287,TRAIN_04231.eml
3106,TRAIN_04232.eml
5588,TRAIN_04233.eml
7492,TRAIN_04234.eml
5277,TRAIN_04235.eml
5128,TRAIN_04236.eml
8428,TRAIN_04237.eml
5550,TRAIN_04238.eml
3005,TRAIN_04239.eml
3012,TRAIN_04240.eml
5352,TRAIN_04241.eml
11257,TRAIN_04242.eml
5909,TRAIN_04243.eml
6085,TRAIN_04244.eml
2737,TRAIN_04245.eml
32695,TRAIN_04246.eml
7332,TRAIN_04247.eml
1984,TRAIN_04248.eml
3835,TRAIN_04249.eml
7033,TRAIN_04250.eml
3940,TRAIN_04251.eml
8482,TRAIN_04252.eml
1536,TRAIN_04253.eml
5815,TRAIN_04254.eml
2605,TRAIN_04255.eml
4684,TRAIN_04256.eml
3006,TRAIN_04257.eml
7891,TRAIN_04258.eml
5661,TRAIN_04259.eml
5269,TRAIN_04260.eml
6678,TRAIN_04261.eml
4193,TRAIN_04262.eml
3002,TRAIN_04263.eml
8045,TRAIN_04264.eml
3647,TRAIN_04265.eml
6808,TRAIN_04266.eml
3989,TRAIN_04267.eml
8982,TRAIN_04268.eml
1462,TRAIN_04269.eml
4984,TRAIN_04270.eml
1108,TRAIN_04271.eml
5886,TRAIN_04272.eml
2771,TRAIN_04273.eml
8149,TRAIN_04274.eml
2486,TRAIN_04275.eml
5513,TRAIN_04276.eml
3995,TRAIN_04277.eml
5238,TRAIN_04278.eml
3212,TRAIN_04279.eml
3141,TRAIN_04280.eml
1184,TRAIN_04281.eml
4087,TRAIN_04282.eml
8300,TRAIN_04283.eml
4294,TRAIN_04284.eml
7419,TRAIN_04285.eml
6846,TRAIN_04286.eml
5668,TRAIN_04287.eml
3816,TRAIN_04288.eml
3489,TRAIN_04289.eml
2402,TRAIN_04290.eml
1145,TRAIN_04291.eml
4661,TRAIN_04292.eml
2425,TRAIN_04293.eml
8351,TRAIN_04294.eml
4714,TRAIN_04295.eml
5165,TRAIN_04296.eml
6754,TRAIN_04297.eml
3378,TRAIN_04298.eml
10265,TRAIN_04299.eml
3970,TRAIN_04300.eml
3375,TRAIN_04301.eml
2193,TRAIN_04302.eml
8609,TRAIN_04303.eml
8445,TRAIN_04304.eml
59292,TRAIN_04305.eml
10222,TRAIN_04306.eml
3781,TRAIN_04307.eml
6417,TRAIN_04308.eml
3828,TRAIN_04309.eml
1192,TRAIN_04310.eml
5228,TRAIN_04311.eml
5238,TRAIN_04312.eml
3606,TRAIN_04313.eml
6479,TRAIN_04314.eml
7897,TRAIN_04315.eml
12548,TRAIN_04316.eml
6814,TRAIN_04317.eml
23671,TRAIN_04318.eml
7636,TRAIN_04319.eml
27129,TRAIN_04320.eml
7727,TRAIN_04321.eml
8511,TRAIN_04322.eml
3782,TRAIN_04323.eml
700,TRAIN_04324.eml
7211,TRAIN_04325.eml
7320,TRAIN_04326.eml
